Année;Mois;Nom de la ligne;Nombre de voyages sur la ligne autocar régionale;date
2010;03-01-;Nantes St Jean de Monts;1054;2010-03-01
2013;02-01-;le Mans Saumur;10631;2013-02-01
2014;02-01-;le Mans Saumur;11354;2014-02-01
2013;05-01-;Nantes Poitiers;5932;2013-05-01
2008;08-01-;Redon Saint-Nazaire;638;2008-08-01
2009;04-01-;Angers Châteaubriant;1348;2009-04-01
2010;12-01-;Laval Nantes;1797;2010-12-01
2009;12-01-;Nantes Noimoutier;4570;2009-12-01
2010;05-01-;Nantes Noimoutier;9091;2010-05-01
2011;01-01-;Nantes Noimoutier;3370;2011-01-01
2007;04-01-;Laval Angers;2504;2007-04-01
2007;08-01-;Laval Angers;1188;2007-08-01
2009;05-01-;Laval Angers;2937;2009-05-01
2009;06-01-;Laval Angers;2617;2009-06-01
2011;09-01-;Laval Angers;3374;2011-09-01
2012;08-01-;Laval Angers;1663;2012-08-01
2014;01-01-;Laval Angers;3246;2014-01-01
2009;01-01-;Sud Vendée;3724;2009-01-01
2013;02-01-;Sud Vendée;3029;2013-02-01
2014;05-01-;Sud Vendée;3043;2014-05-01
2012;03-01-;Fontenay-Niort;3261;2012-03-01
2015;05-01-;le Mans Saumur;10908;2015-05-01
2015;01-01-;Nantes Noimoutier;4370;2015-01-01
2016;07-01-;le Mans Saumur;4669;2016-07-01
2016;04-01-;Laval Nantes;1240;2016-04-01
2016;11-01-;Fontenay-Niort;3404;2016-11-01
2008;02-01-;le Mans Saumur;10674;2008-02-01
2008;06-01-;le Mans Saumur;13288;2008-06-01
2011;01-01-;le Mans Saumur;13261;2011-01-01
2011;07-01-;le Mans Saumur;4390;2011-07-01
2007;03-01-;Nantes Poitiers;3549;2007-03-01
2008;09-01-;Nantes Poitiers;3943;2008-09-01
2010;02-01-;Nantes Poitiers;3342;2010-02-01
2010;11-01-;Redon Saint-Nazaire;676;2010-11-01
2011;04-01-;Redon Saint-Nazaire;628;2011-04-01
2014;12-01-;Redon Saint-Nazaire;705;2014-12-01
2013;06-01-;Angers Châteaubriant;1015;2013-06-01
2007;04-01-;Laval Nantes;1594;2007-04-01
2010;06-01-;Laval Nantes;1653;2010-06-01
2008;04-01-;Nantes Noimoutier;8830;2008-04-01
2011;04-01-;Nantes Noimoutier;11820;2011-04-01
2007;11-01-;Laval Angers;3121;2007-11-01
2009;07-01-;Laval Angers;1657;2009-07-01
2013;04-01-;Laval Angers;2977;2013-04-01
2014;08-01-;Laval Angers;1678;2014-08-01
2014;05-01-;Fontenay-Niort;3426;2014-05-01
2015;03-01-;le Mans Saumur;12580;2015-03-01
2015;01-01-;Nantes Poitiers;4636;2015-01-01
2015;10-01-;Sud Vendée;3444;2015-10-01
2015;10-01-;Fontenay-Niort;3513;2015-10-01
2016;06-01-;Angers Châteaubriant;715;2016-06-01
2016;12-01-;Angers Châteaubriant;983;2016-12-01
2016;07-01-;Nantes Noimoutier;29393;2016-07-01
2016;01-01-;Fontenay-Niort;3189;2016-01-01
2007;12-01-;Nantes St Jean de Monts;469;2007-12-01
2010;10-01-;Nantes St Jean de Monts;1402;2010-10-01
2011;02-01-;Nantes St Jean de Monts;1117;2011-02-01
2011;11-01-;le Mans Saumur;12584;2011-11-01
2012;09-01-;le Mans Saumur;12620;2012-09-01
2013;09-01-;le Mans Saumur;12414;2013-09-01
2007;06-01-;Nantes Poitiers;3532;2007-06-01
2010;04-01-;Nantes Poitiers;3860;2010-04-01
2010;06-01-;Nantes Poitiers;3250;2010-06-01
2012;04-01-;Redon Saint-Nazaire;635;2012-04-01
2012;10-01-;Redon Saint-Nazaire;598;2012-10-01
2013;07-01-;Redon Saint-Nazaire;441;2013-07-01
2008;05-01-;Angers Châteaubriant;1106;2008-05-01
2008;10-01-;Angers Châteaubriant;1348;2008-10-01
2009;11-01-;Angers Châteaubriant;1343;2009-11-01
2013;02-01-;Angers Châteaubriant;993;2013-02-01
2010;10-01-;Laval Nantes;2202;2010-10-01
2012;03-01-;Laval Nantes;2214;2012-03-01
2012;04-01-;Laval Nantes;1975;2012-04-01
2007;07-01-;Nantes Noimoutier;21632;2007-07-01
2008;01-01-;Nantes Noimoutier;3411;2008-01-01
2010;07-01-;Nantes Noimoutier;25143;2010-07-01
2011;06-01-;Nantes Noimoutier;11038;2011-06-01
2011;07-01-;Nantes Noimoutier;28427;2011-07-01
2011;06-01-;Laval Angers;1662;2011-06-01
2007;04-01-;Sud Vendée;3497;2007-04-01
2008;10-01-;Sud Vendée;4618;2008-10-01
2011;07-01-;Fontenay-Niort;3347;2011-07-01
2015;08-01-;Angers Châteaubriant;620;2015-08-01
2015;05-01-;Laval Nantes;1764;2015-05-01
2015;04-01-;Laval Angers;2236;2015-04-01
2015;08-01-;Sud Vendée;3330;2015-08-01
2016;11-01-;Redon Saint-Nazaire;995;2016-11-01
2016;03-01-;Angers Châteaubriant;816;2016-03-01
2009;01-01-;Nantes St Jean de Monts;504;2009-01-01
2010;05-01-;Nantes St Jean de Monts;1787;2010-05-01
2009;12-01-;Nantes Poitiers;3315;2009-12-01
2011;04-01-;Nantes Poitiers;3553;2011-04-01
2013;04-01-;Nantes Poitiers;5548;2013-04-01
2009;09-01-;Redon Saint-Nazaire;1036;2009-09-01
2011;02-01-;Redon Saint-Nazaire;673;2011-02-01
2012;09-01-;Redon Saint-Nazaire;683;2012-09-01
2012;11-01-;Redon Saint-Nazaire;558;2012-11-01
2014;09-01-;Redon Saint-Nazaire;871;2014-09-01
2007;06-01-;Angers Châteaubriant;1081;2007-06-01
2008;04-01-;Angers Châteaubriant;1139;2008-04-01
2010;01-01-;Angers Châteaubriant;1236;2010-01-01
2014;07-01-;Angers Châteaubriant;855;2014-07-01
2013;08-01-;Laval Nantes;1113;2013-08-01
2008;06-01-;Nantes Noimoutier;8826;2008-06-01
2013;03-01-;Laval Angers;3177;2013-03-01
2013;07-01-;Laval Angers;1791;2013-07-01
2014;07-01-;Sud Vendée;3311;2014-07-01
2015;08-01-;Nantes Poitiers;4814;2015-08-01
2015;10-01-;Laval Nantes;1442;2015-10-01
2015;01-01-;Sud Vendée;3429;2015-01-01
2015;02-01-;Sud Vendée;2956;2015-02-01
2015;04-01-;Sud Vendée;3410;2015-04-01
2015;11-01-;Sud Vendée;3369;2015-11-01
2016;02-01-;Nantes Poitiers;3971;2016-02-01
2016;03-01-;Redon Saint-Nazaire;1198;2016-03-01
2016;09-01-;Laval Nantes;1675;2016-09-01
2008;05-01-;Nantes St Jean de Monts;1206;2008-05-01
2007;11-01-;le Mans Saumur;14165;2007-11-01
2012;05-01-;le Mans Saumur;12026;2012-05-01
2012;11-01-;Nantes Poitiers;5530;2012-11-01
2013;03-01-;Nantes Poitiers;5493;2013-03-01
2014;02-01-;Nantes Poitiers;4871;2014-02-01
2014;07-01-;Nantes Poitiers;5250;2014-07-01
2009;08-01-;Redon Saint-Nazaire;524;2009-08-01
2013;02-01-;Redon Saint-Nazaire;587;2013-02-01
2009;05-01-;Angers Châteaubriant;1110;2009-05-01
2011;04-01-;Angers Châteaubriant;1474;2011-04-01
2009;08-01-;Laval Nantes;1337;2009-08-01
2012;12-01-;Nantes Noimoutier;4864;2012-12-01
2013;02-01-;Nantes Noimoutier;3350;2013-02-01
2014;07-01-;Nantes Noimoutier;26587;2014-07-01
2014;10-01-;Laval Angers;2954;2014-10-01
2012;04-01-;Sud Vendée;2782;2012-04-01
2011;02-01-;Fontenay-Niort;3452;2011-02-01
2014;08-01-;Fontenay-Niort;3232;2014-08-01
2015;08-01-;Laval Nantes;836;2015-08-01
2015;12-01-;Laval Angers;2257;2015-12-01
2016;09-01-;Nantes Noimoutier;7872;2016-09-01
2010;02-01-;Nantes St Jean de Monts;905;2010-02-01
2011;04-01-;Nantes St Jean de Monts;2307;2011-04-01
2008;04-01-;le Mans Saumur;11767;2008-04-01
2013;06-01-;le Mans Saumur;10519;2013-06-01
2013;11-01-;le Mans Saumur;11491;2013-11-01
2008;02-01-;Nantes Poitiers;3428;2008-02-01
2011;05-01-;Nantes Poitiers;3765;2011-05-01
2008;11-01-;Redon Saint-Nazaire;1051;2008-11-01
2007;07-01-;Angers Châteaubriant;870;2007-07-01
2012;09-01-;Angers Châteaubriant;1232;2012-09-01
2012;08-01-;Nantes Noimoutier;32829;2012-08-01
2009;02-01-;Laval Angers;2653;2009-02-01
2009;03-01-;Sud Vendée;3838;2009-03-01
2010;01-01-;Sud Vendée;3257;2010-01-01
2010;11-01-;Sud Vendée;2021;2010-11-01
2010;01-01-;Fontenay-Niort;3522;2010-01-01
2015;04-01-;Nantes St Jean de Monts;3268;2015-04-01
2015;04-01-;le Mans Saumur;9433;2015-04-01
2015;09-01-;le Mans Saumur;13808;2015-09-01
2016;05-01-;Nantes St Jean de Monts;2862;2016-05-01
2016;02-01-;Angers Châteaubriant;766;2016-02-01
2016;07-01-;Angers Châteaubriant;650;2016-07-01
2012;09-01-;Nantes St Jean de Monts;2756;2012-09-01
2008;11-01-;Nantes Poitiers;4379;2008-11-01
2011;06-01-;Nantes Poitiers;3241;2011-06-01
2013;09-01-;Nantes Poitiers;5590;2013-09-01
2014;05-01-;Nantes Poitiers;5410;2014-05-01
2010;03-01-;Redon Saint-Nazaire;911;2010-03-01
2011;12-01-;Redon Saint-Nazaire;631;2011-12-01
2012;01-01-;Redon Saint-Nazaire;702;2012-01-01
2014;06-01-;Redon Saint-Nazaire;687;2014-06-01
2008;01-01-;Angers Châteaubriant;1192;2008-01-01
2011;02-01-;Angers Châteaubriant;1364;2011-02-01
2012;08-01-;Angers Châteaubriant;835;2012-08-01
2013;04-01-;Angers Châteaubriant;1134;2013-04-01
2008;04-01-;Laval Nantes;1777;2008-04-01
2010;01-01-;Laval Nantes;2339;2010-01-01
2007;11-01-;Nantes Noimoutier;4418;2007-11-01
2009;05-01-;Nantes Noimoutier;9124;2009-05-01
2010;08-01-;Nantes Noimoutier;30791;2010-08-01
2014;11-01-;Nantes Noimoutier;4822;2014-11-01
2008;11-01-;Sud Vendée;4167;2008-11-01
2011;07-01-;Sud Vendée;2278;2011-07-01
2010;11-01-;Fontenay-Niort;3971;2010-11-01
2015;06-01-;Nantes St Jean de Monts;3260;2015-06-01
2015;04-01-;Redon Saint-Nazaire;632;2015-04-01
2015;07-01-;Fontenay-Niort;2909;2015-07-01
2016;12-01-;Nantes Noimoutier;5612;2016-12-01
2011;07-01-;Nantes St Jean de Monts;7861;2011-07-01
2010;07-01-;le Mans Saumur;4119;2010-07-01
2010;11-01-;le Mans Saumur;11902;2010-11-01
2011;06-01-;le Mans Saumur;10378;2011-06-01
2012;11-01-;le Mans Saumur;11071;2012-11-01
2013;01-01-;le Mans Saumur;11133;2013-01-01
2014;11-01-;Nantes Poitiers;4756;2014-11-01
2009;11-01-;Redon Saint-Nazaire;833;2009-11-01
2009;12-01-;Redon Saint-Nazaire;764;2009-12-01
2010;02-01-;Redon Saint-Nazaire;667;2010-02-01
2013;03-01-;Angers Châteaubriant;1192;2013-03-01
2009;05-01-;Laval Nantes;2072;2009-05-01
2013;10-01-;Laval Nantes;1825;2013-10-01
2007;10-01-;Nantes Noimoutier;5020;2007-10-01
2014;01-01-;Nantes Noimoutier;3695;2014-01-01
2014;05-01-;Nantes Noimoutier;8892;2014-05-01
2014;02-01-;Laval Angers;3007;2014-02-01
2008;02-01-;Sud Vendée;3562;2008-02-01
2009;02-01-;Sud Vendée;3280;2009-02-01
2013;05-01-;Fontenay-Niort;3745;2013-05-01
2016;01-01-;Nantes St Jean de Monts;1585;2016-01-01
2016;06-01-;Redon Saint-Nazaire;963;2016-06-01
2016;11-01-;Angers Châteaubriant;714;2016-11-01
2016;01-01-;Laval Nantes;1534;2016-01-01
2008;01-01-;Nantes St Jean de Monts;535;2008-01-01
2008;08-01-;Nantes St Jean de Monts;7029;2008-08-01
2010;09-01-;Nantes St Jean de Monts;1792;2010-09-01
2013;11-01-;Nantes St Jean de Monts;1251;2013-11-01
2014;12-01-;Nantes St Jean de Monts;2620;2014-12-01
2007;04-01-;le Mans Saumur;11767;2007-04-01
2007;05-01-;le Mans Saumur;14516;2007-05-01
2008;01-01-;le Mans Saumur;15040;2008-01-01
2010;12-01-;le Mans Saumur;8950;2010-12-01
2013;05-01-;le Mans Saumur;10796;2013-05-01
2010;11-01-;Nantes Poitiers;4354;2010-11-01
2012;05-01-;Angers Châteaubriant;1212;2012-05-01
2013;01-01-;Angers Châteaubriant;1059;2013-01-01
2010;05-01-;Laval Nantes;2077;2010-05-01
2012;05-01-;Laval Nantes;2340;2012-05-01
2007;02-01-;Nantes Noimoutier;3512;2007-02-01
2012;10-01-;Laval Angers;3792;2012-10-01
2008;03-01-;Sud Vendée;3802;2008-03-01
2014;09-01-;Fontenay-Niort;3771;2014-09-01
2015;06-01-;Nantes Poitiers;4221;2015-06-01
2015;05-01-;Redon Saint-Nazaire;699;2015-05-01
2016;08-01-;Redon Saint-Nazaire;430;2016-08-01
2016;09-01-;Angers Châteaubriant;896;2016-09-01
2016;10-01-;Laval Nantes;1355;2016-10-01
2011;08-01-;Nantes St Jean de Monts;8573;2011-08-01
2013;01-01-;Nantes St Jean de Monts;1286;2013-01-01
2013;08-01-;le Mans Saumur;4022;2013-08-01
2007;11-01-;Nantes Poitiers;4010;2007-11-01
2012;02-01-;Nantes Poitiers;4494;2012-02-01
2014;10-01-;Nantes Poitiers;5069;2014-10-01
2008;07-01-;Redon Saint-Nazaire;700;2008-07-01
2012;07-01-;Redon Saint-Nazaire;484;2012-07-01
2008;06-01-;Angers Châteaubriant;1095;2008-06-01
2008;11-01-;Angers Châteaubriant;1249;2008-11-01
2011;07-01-;Angers Châteaubriant;883;2011-07-01
2011;11-01-;Angers Châteaubriant;1308;2011-11-01
2012;01-01-;Laval Nantes;2307;2012-01-01
2013;03-01-;Laval Nantes;1929;2013-03-01
2014;01-01-;Laval Nantes;1967;2014-01-01
2013;06-01-;Nantes Noimoutier;8845;2013-06-01
2009;12-01-;Laval Angers;2709;2009-12-01
2011;02-01-;Laval Angers;3105;2011-02-01
2011;07-01-;Laval Angers;1749;2011-07-01
2007;05-01-;Sud Vendée;3648;2007-05-01
2009;06-01-;Sud Vendée;3443;2009-06-01
2012;07-01-;Sud Vendée;2671;2012-07-01
2014;12-01-;Sud Vendée;3397;2014-12-01
2010;04-01-;Fontenay-Niort;3704;2010-04-01
2015;04-01-;Nantes Poitiers;4866;2015-04-01
2015;06-01-;Redon Saint-Nazaire;573;2015-06-01
2015;12-01-;Redon Saint-Nazaire;764;2015-12-01
2015;01-01-;Angers Châteaubriant;837;2015-01-01
2016;08-01-;Laval Nantes;881;2016-08-01
2016;05-01-;Nantes Noimoutier;10190;2016-05-01
2016;04-01-;Laval Angers;2077;2016-04-01
2016;05-01-;Sud Vendée;3889;2016-05-01
2016;04-01-;Fontenay-Niort;3169;2016-04-01
2016;06-01-;Fontenay-Niort;3322;2016-06-01
2007;01-01-;Nantes St Jean de Monts;581;2007-01-01
2009;02-01-;Nantes St Jean de Monts;463;2009-02-01
2011;01-01-;Nantes St Jean de Monts;1065;2011-01-01
2008;08-01-;Nantes Poitiers;3150;2008-08-01
2013;02-01-;Nantes Poitiers;5047;2013-02-01
2014;03-01-;Nantes Poitiers;5678;2014-03-01
2009;05-01-;Redon Saint-Nazaire;710;2009-05-01
2012;03-01-;Redon Saint-Nazaire;758;2012-03-01
2012;08-01-;Redon Saint-Nazaire;454;2012-08-01
2014;10-01-;Redon Saint-Nazaire;732;2014-10-01
2009;01-01-;Angers Châteaubriant;1133;2009-01-01
2010;04-01-;Angers Châteaubriant;1253;2010-04-01
2011;12-01-;Angers Châteaubriant;1428;2011-12-01
2007;03-01-;Laval Nantes;1993;2007-03-01
2012;11-01-;Laval Nantes;2166;2012-11-01
2012;09-01-;Nantes Noimoutier;8798;2012-09-01
2012;10-01-;Nantes Noimoutier;5945;2012-10-01
2013;04-01-;Nantes Noimoutier;7437;2013-04-01
2009;09-01-;Laval Angers;3330;2009-09-01
2014;04-01-;Laval Angers;3045;2014-04-01
2014;11-01-;Laval Angers;2842;2014-11-01
2007;06-01-;Sud Vendée;3696;2007-06-01
2009;08-01-;Sud Vendée;2705;2009-08-01
2010;10-01-;Sud Vendée;1974;2010-10-01
2011;10-01-;Sud Vendée;3187;2011-10-01
2011;11-01-;Fontenay-Niort;3704;2011-11-01
2015;07-01-;Nantes St Jean de Monts;9557;2015-07-01
2015;12-01-;Angers Châteaubriant;785;2015-12-01
2015;09-01-;Nantes Noimoutier;7413;2015-09-01
2016;09-01-;le Mans Saumur;13837;2016-09-01
2007;10-01-;Nantes St Jean de Monts;755;2007-10-01
2010;06-01-;le Mans Saumur;10649;2010-06-01
2008;01-01-;Nantes Poitiers;3592;2008-01-01
2009;05-01-;Nantes Poitiers;3932;2009-05-01
2009;10-01-;Nantes Poitiers;3732;2009-10-01
2012;02-01-;Angers Châteaubriant;1174;2012-02-01
2014;11-01-;Angers Châteaubriant;842;2014-11-01
2008;03-01-;Laval Nantes;2210;2008-03-01
2008;10-01-;Laval Nantes;2382;2008-10-01
2010;07-01-;Laval Nantes;1114;2010-07-01
2012;08-01-;Laval Nantes;1373;2012-08-01
2014;02-01-;Laval Nantes;1926;2014-02-01
2008;05-01-;Nantes Noimoutier;9070;2008-05-01
2014;12-01-;Laval Angers;2585;2014-12-01
2011;12-01-;Sud Vendée;2972;2011-12-01
2013;01-01-;Sud Vendée;3545;2013-01-01
2014;10-01-;Sud Vendée;3710;2014-10-01
2010;02-01-;Fontenay-Niort;3280;2010-02-01
2012;02-01-;Fontenay-Niort;2853;2012-02-01
2015;03-01-;Angers Châteaubriant;836;2015-03-01
2015;01-01-;Laval Nantes;1800;2015-01-01
2016;02-01-;Nantes St Jean de Monts;1610;2016-02-01
2016;11-01-;Laval Angers;2423;2016-11-01
2016;01-01-;Sud Vendée;3591;2016-01-01
2016;08-01-;Sud Vendée;3452;2016-08-01
2007;07-01-;Nantes St Jean de Monts;4569;2007-07-01
2008;12-01-;Nantes St Jean de Monts;495;2008-12-01
2014;02-01-;Nantes St Jean de Monts;1505;2014-02-01
2014;11-01-;le Mans Saumur;11988;2014-11-01
2013;01-01-;Nantes Poitiers;5388;2013-01-01
2007;03-01-;Redon Saint-Nazaire;948;2007-03-01
2008;02-01-;Redon Saint-Nazaire;1004;2008-02-01
2013;09-01-;Redon Saint-Nazaire;890;2013-09-01
2008;12-01-;Angers Châteaubriant;1324;2008-12-01
2009;06-01-;Angers Châteaubriant;1130;2009-06-01
2010;03-01-;Angers Châteaubriant;1410;2010-03-01
2010;07-01-;Angers Châteaubriant;989;2010-07-01
2007;06-01-;Laval Nantes;1641;2007-06-01
2011;03-01-;Laval Nantes;1768;2011-03-01
2011;06-01-;Laval Nantes;2505;2011-06-01
2013;05-01-;Laval Nantes;1953;2013-05-01
2013;09-01-;Laval Nantes;2171;2013-09-01
2014;09-01-;Laval Nantes;1945;2014-09-01
2009;04-01-;Nantes Noimoutier;11041;2009-04-01
2010;10-01-;Nantes Noimoutier;6453;2010-10-01
2011;09-01-;Nantes Noimoutier;8838;2011-09-01
2013;01-01-;Nantes Noimoutier;4032;2013-01-01
2008;07-01-;Laval Angers;1710;2008-07-01
2011;05-01-;Laval Angers;1909;2011-05-01
2009;09-01-;Sud Vendée;3518;2009-09-01
2009;12-01-;Sud Vendée;3016;2009-12-01
2011;11-01-;Sud Vendée;2946;2011-11-01
2013;03-01-;Sud Vendée;3028;2013-03-01
2014;11-01-;Sud Vendée;3413;2014-11-01
2010;03-01-;Fontenay-Niort;3861;2010-03-01
2012;01-01-;Fontenay-Niort;3496;2012-01-01
2015;06-01-;Angers Châteaubriant;756;2015-06-01
2016;01-01-;Nantes Poitiers;4257;2016-01-01
2013;08-01-;Nantes St Jean de Monts;10598;2013-08-01
2013;09-01-;Nantes St Jean de Monts;2486;2013-09-01
2014;08-01-;Nantes St Jean de Monts;9757;2014-08-01
2008;10-01-;le Mans Saumur;13576;2008-10-01
2008;12-01-;le Mans Saumur;11409;2008-12-01
2010;09-01-;le Mans Saumur;12777;2010-09-01
2008;05-01-;Nantes Poitiers;3964;2008-05-01
2014;03-01-;Redon Saint-Nazaire;641;2014-03-01
2014;04-01-;Angers Châteaubriant;1064;2014-04-01
2008;09-01-;Laval Nantes;2327;2008-09-01
2013;11-01-;Laval Nantes;2076;2013-11-01
2014;11-01-;Laval Nantes;1947;2014-11-01
2009;08-01-;Nantes Noimoutier;29734;2009-08-01
2011;12-01-;Nantes Noimoutier;4953;2011-12-01
2008;02-01-;Laval Angers;2898;2008-02-01
2010;02-01-;Laval Angers;2582;2010-02-01
2010;03-01-;Laval Angers;3238;2010-03-01
2013;08-01-;Sud Vendée;2499;2013-08-01
2013;07-01-;Fontenay-Niort;3287;2013-07-01
2014;06-01-;Fontenay-Niort;3558;2014-06-01
2015;08-01-;Nantes St Jean de Monts;11470;2015-08-01
2015;03-01-;Laval Nantes;1871;2015-03-01
2015;11-01-;Nantes Noimoutier;4080;2015-11-01
2015;01-01-;Laval Angers;2806;2015-01-01
2016;08-01-;Angers Châteaubriant;552;2016-08-01
2016;06-01-;Nantes Noimoutier;8849;2016-06-01
2016;05-01-;Laval Angers;2610;2016-05-01
2007;02-01-;Nantes St Jean de Monts;558;2007-02-01
2008;02-01-;Nantes St Jean de Monts;570;2008-02-01
2008;06-01-;Nantes St Jean de Monts;1369;2008-06-01
2014;09-01-;Nantes St Jean de Monts;3235;2014-09-01
2009;07-01-;le Mans Saumur;4425;2009-07-01
2011;08-01-;Nantes Poitiers;3268;2011-08-01
2013;06-01-;Nantes Poitiers;5318;2013-06-01
2008;12-01-;Redon Saint-Nazaire;1001;2008-12-01
2009;06-01-;Redon Saint-Nazaire;786;2009-06-01
2010;04-01-;Redon Saint-Nazaire;761;2010-04-01
2010;07-01-;Redon Saint-Nazaire;459;2010-07-01
2009;02-01-;Angers Châteaubriant;1137;2009-02-01
2010;05-01-;Angers Châteaubriant;1217;2010-05-01
2013;09-01-;Angers Châteaubriant;1039;2013-09-01
2009;09-01-;Laval Nantes;2247;2009-09-01
2009;10-01-;Nantes Noimoutier;6130;2009-10-01
2010;04-01-;Nantes Noimoutier;10669;2010-04-01
2007;10-01-;Laval Angers;3347;2007-10-01
2010;12-01-;Laval Angers;3031;2010-12-01
2011;03-01-;Laval Angers;3020;2011-03-01
2010;05-01-;Sud Vendée;3284;2010-05-01
2012;08-01-;Fontenay-Niort;3321;2012-08-01
2015;02-01-;Redon Saint-Nazaire;491;2015-02-01
2016;01-01-;Nantes Noimoutier;3635;2016-01-01
2016;02-01-;Laval Angers;1939;2016-02-01
2016;10-01-;Sud Vendée;3743;2016-10-01
2009;09-01-;Nantes St Jean de Monts;1549;2009-09-01
2012;10-01-;Nantes St Jean de Monts;1474;2012-10-01
2014;07-01-;Nantes St Jean de Monts;7951;2014-07-01
2009;01-01-;le Mans Saumur;12211;2009-01-01
2011;12-01-;le Mans Saumur;9574;2011-12-01
2012;02-01-;le Mans Saumur;7887;2012-02-01
2010;05-01-;Nantes Poitiers;3934;2010-05-01
2012;05-01-;Nantes Poitiers;5445;2012-05-01
2007;09-01-;Redon Saint-Nazaire;965;2007-09-01
2009;04-01-;Redon Saint-Nazaire;780;2009-04-01
2007;09-01-;Angers Châteaubriant;1159;2007-09-01
2009;12-01-;Angers Châteaubriant;1226;2009-12-01
2014;02-01-;Angers Châteaubriant;1001;2014-02-01
2007;07-01-;Laval Nantes;1028;2007-07-01
2008;02-01-;Laval Nantes;1881;2008-02-01
2010;08-01-;Laval Nantes;1099;2010-08-01
2010;11-01-;Laval Nantes;2167;2010-11-01
2007;08-01-;Nantes Noimoutier;26791;2007-08-01
2014;09-01-;Nantes Noimoutier;7950;2014-09-01
2012;06-01-;Laval Angers;2912;2012-06-01
2013;10-01-;Laval Angers;3137;2013-10-01
2014;06-01-;Laval Angers;2510;2014-06-01
2007;02-01-;Sud Vendée;3429;2007-02-01
2007;11-01-;Sud Vendée;3461;2007-11-01
2012;11-01-;Sud Vendée;3040;2012-11-01
2013;08-01-;Fontenay-Niort;3067;2013-08-01
2015;08-01-;Redon Saint-Nazaire;387;2015-08-01
2015;12-01-;Nantes Noimoutier;4846;2015-12-01
2015;09-01-;Laval Angers;2552;2015-09-01
2015;11-01-;Fontenay-Niort;3121;2015-11-01
2016;04-01-;Nantes St Jean de Monts;2792;2016-04-01
2016;01-01-;Laval Angers;2559;2016-01-01
2016;09-01-;Laval Angers;2590;2016-09-01
2007;10-01-;le Mans Saumur;16146;2007-10-01
2008;09-01-;Redon Saint-Nazaire;1145;2008-09-01
2010;05-01-;Redon Saint-Nazaire;913;2010-05-01
2013;08-01-;Redon Saint-Nazaire;478;2013-08-01
2009;08-01-;Angers Châteaubriant;830;2009-08-01
2014;12-01-;Angers Châteaubriant;928;2014-12-01
2011;09-01-;Laval Nantes;2156;2011-09-01
2007;12-01-;Nantes Noimoutier;4086;2007-12-01
2008;12-01-;Nantes Noimoutier;4494;2008-12-01
2012;06-01-;Nantes Noimoutier;8681;2012-06-01
2007;05-01-;Laval Angers;2881;2007-05-01
2010;01-01-;Laval Angers;3236;2010-01-01
2012;11-01-;Laval Angers;3314;2012-11-01
2008;08-01-;Sud Vendée;3295;2008-08-01
2012;08-01-;Sud Vendée;2718;2012-08-01
2013;05-01-;Sud Vendée;3094;2013-05-01
2012;09-01-;Fontenay-Niort;3803;2012-09-01
2015;01-01-;le Mans Saumur;11843;2015-01-01
2015;08-01-;le Mans Saumur;4360;2015-08-01
2015;12-01-;Nantes Poitiers;4647;2015-12-01
2015;07-01-;Angers Châteaubriant;650;2015-07-01
2015;06-01-;Fontenay-Niort;3280;2015-06-01
2015;12-01-;Fontenay-Niort;3469;2015-12-01
2016;04-01-;Nantes Poitiers;3880;2016-04-01
2016;10-01-;Angers Châteaubriant;843;2016-10-01
2016;03-01-;Laval Nantes;1505;2016-03-01
2016;05-01-;Laval Nantes;1754;2016-05-01
2016;04-01-;Nantes Noimoutier;10204;2016-04-01
2016;10-01-;Fontenay-Niort;3401;2016-10-01
2007;03-01-;Nantes St Jean de Monts;753;2007-03-01
2009;10-01-;Nantes St Jean de Monts;1409;2009-10-01
2010;08-01-;Nantes St Jean de Monts;6390;2010-08-01
2009;03-01-;le Mans Saumur;13729;2009-03-01
2009;01-01-;Nantes Poitiers;3672;2009-01-01
2012;08-01-;Nantes Poitiers;5197;2012-08-01
2013;01-01-;Redon Saint-Nazaire;523;2013-01-01
2007;03-01-;Angers Châteaubriant;1174;2007-03-01
2012;12-01-;Angers Châteaubriant;1229;2012-12-01
2008;11-01-;Laval Nantes;2432;2008-11-01
2012;02-01-;Laval Nantes;1655;2012-02-01
2014;07-01-;Laval Nantes;979;2014-07-01
2007;09-01-;Nantes Noimoutier;7338;2007-09-01
2010;12-01-;Nantes Noimoutier;4290;2010-12-01
2013;11-01-;Nantes Noimoutier;4512;2013-11-01
2014;02-01-;Nantes Noimoutier;3635;2014-02-01
2007;03-01-;Laval Angers;3446;2007-03-01
2009;10-01-;Laval Angers;3370;2009-10-01
2010;09-01-;Laval Angers;3448;2010-09-01
2011;12-01-;Laval Angers;3307;2011-12-01
2007;08-01-;Sud Vendée;2865;2007-08-01
2013;04-01-;Sud Vendée;2782;2013-04-01
2013;12-01-;Sud Vendée;2617;2013-12-01
2013;04-01-;Fontenay-Niort;3592;2013-04-01
2014;12-01-;Fontenay-Niort;3445;2014-12-01
2015;09-01-;Angers Châteaubriant;714;2015-09-01
2015;02-01-;Nantes Noimoutier;4366;2015-02-01
2015;04-01-;Fontenay-Niort;3278;2015-04-01
2016;07-01-;Nantes Poitiers;5012;2016-07-01
2013;10-01-;le Mans Saumur;10523;2013-10-01
2007;05-01-;Nantes Poitiers;3852;2007-05-01
2010;01-01-;Nantes Poitiers;3882;2010-01-01
2011;07-01-;Redon Saint-Nazaire;354;2011-07-01
2013;04-01-;Redon Saint-Nazaire;633;2013-04-01
2014;05-01-;Redon Saint-Nazaire;729;2014-05-01
2008;07-01-;Angers Châteaubriant;959;2008-07-01
2009;10-01-;Angers Châteaubriant;1388;2009-10-01
2014;09-01-;Angers Châteaubriant;873;2014-09-01
2012;09-01-;Laval Nantes;2336;2012-09-01
2013;12-01-;Laval Nantes;1848;2013-12-01
2014;06-01-;Laval Nantes;1527;2014-06-01
2008;10-01-;Nantes Noimoutier;5777;2008-10-01
2011;11-01-;Nantes Noimoutier;4443;2011-11-01
2013;03-01-;Nantes Noimoutier;5379;2013-03-01
2012;07-01-;Laval Angers;1867;2012-07-01
2009;10-01-;Fontenay-Niort;3693;2009-10-01
2014;07-01-;Fontenay-Niort;3384;2014-07-01
2015;12-01-;Nantes St Jean de Monts;1841;2015-12-01
2016;06-01-;Laval Angers;2035;2016-06-01
2014;04-01-;Nantes St Jean de Monts;2268;2014-04-01
2009;02-01-;le Mans Saumur;9230;2009-02-01
2009;04-01-;le Mans Saumur;10159;2009-04-01
2011;05-01-;le Mans Saumur;11059;2011-05-01
2013;03-01-;le Mans Saumur;10664;2013-03-01
2009;08-01-;Nantes Poitiers;3105;2009-08-01
2012;04-01-;Nantes Poitiers;5461;2012-04-01
2013;07-01-;Nantes Poitiers;5664;2013-07-01
2011;09-01-;Redon Saint-Nazaire;760;2011-09-01
2010;06-01-;Angers Châteaubriant;1190;2010-06-01
2009;02-01-;Laval Nantes;1829;2009-02-01
2011;04-01-;Laval Nantes;3353;2011-04-01
2011;08-01-;Laval Nantes;1129;2011-08-01
2013;04-01-;Laval Nantes;1844;2013-04-01
2013;06-01-;Laval Nantes;1723;2013-06-01
2013;07-01-;Laval Nantes;1121;2013-07-01
2014;05-01-;Laval Nantes;1683;2014-05-01
2013;12-01-;Nantes Noimoutier;4600;2013-12-01
2008;01-01-;Laval Angers;3363;2008-01-01
2010;04-01-;Sud Vendée;3075;2010-04-01
2014;01-01-;Sud Vendée;2922;2014-01-01
2014;02-01-;Sud Vendée;2713;2014-02-01
2014;04-01-;Sud Vendée;3178;2014-04-01
2014;09-01-;Sud Vendée;3913;2014-09-01
2010;06-01-;Fontenay-Niort;3495;2010-06-01
2013;01-01-;Fontenay-Niort;3570;2013-01-01
2015;03-01-;Redon Saint-Nazaire;754;2015-03-01
2015;10-01-;Redon Saint-Nazaire;721;2015-10-01
2015;12-01-;Sud Vendée;3354;2015-12-01
2016;10-01-;Nantes Poitiers;4371;2016-10-01
2016;04-01-;Angers Châteaubriant;834;2016-04-01
2016;03-01-;Sud Vendée;3889;2016-03-01
2011;03-01-;Nantes St Jean de Monts;1257;2011-03-01
2011;09-01-;Nantes St Jean de Monts;2208;2011-09-01
2012;02-01-;Nantes St Jean de Monts;1168;2012-02-01
2012;04-01-;Nantes St Jean de Monts;2660;2012-04-01
2012;05-01-;Nantes St Jean de Monts;2317;2012-05-01
2013;03-01-;Nantes St Jean de Monts;1530;2013-03-01
2010;02-01-;le Mans Saumur;9213;2010-02-01
2011;10-01-;le Mans Saumur;11217;2011-10-01
2012;06-01-;le Mans Saumur;10908;2012-06-01
2007;01-01-;Nantes Poitiers;3350;2007-01-01
2011;02-01-;Nantes Poitiers;3287;2011-02-01
2012;12-01-;Nantes Poitiers;6101;2012-12-01
2013;12-01-;Nantes Poitiers;5580;2013-12-01
2014;08-01-;Nantes Poitiers;5309;2014-08-01
2008;09-01-;Nantes Noimoutier;7580;2008-09-01
2012;01-01-;Nantes Noimoutier;3876;2012-01-01
2007;07-01-;Laval Angers;1301;2007-07-01
2008;11-01-;Laval Angers;3634;2008-11-01
2012;02-01-;Laval Angers;2654;2012-02-01
2008;01-01-;Sud Vendée;3779;2008-01-01
2012;12-01-;Sud Vendée;2963;2012-12-01
2009;12-01-;Fontenay-Niort;3420;2009-12-01
2010;05-01-;Fontenay-Niort;3404;2010-05-01
2015;09-01-;Nantes Poitiers;4236;2015-09-01
2015;04-01-;Nantes Noimoutier;11211;2015-04-01
2016;11-01-;Nantes Poitiers;4064;2016-11-01
2016;07-01-;Redon Saint-Nazaire;394;2016-07-01
2016;11-01-;Sud Vendée;3588;2016-11-01
2016;02-01-;Fontenay-Niort;2992;2016-02-01
2011;06-01-;Nantes St Jean de Monts;2985;2011-06-01
2012;03-01-;Nantes St Jean de Monts;1399;2012-03-01
2010;05-01-;le Mans Saumur;12073;2010-05-01
2011;03-01-;le Mans Saumur;10439;2011-03-01
2013;12-01-;le Mans Saumur;9863;2013-12-01
2014;06-01-;le Mans Saumur;10072;2014-06-01
2010;09-01-;Redon Saint-Nazaire;768;2010-09-01
2011;11-01-;Redon Saint-Nazaire;654;2011-11-01
2009;03-01-;Angers Châteaubriant;1338;2009-03-01
2014;06-01-;Angers Châteaubriant;923;2014-06-01
2012;10-01-;Laval Nantes;2344;2012-10-01
2007;01-01-;Nantes Noimoutier;3090;2007-01-01
2010;02-01-;Nantes Noimoutier;3527;2010-02-01
2011;03-01-;Nantes Noimoutier;4004;2011-03-01
2011;10-01-;Nantes Noimoutier;7260;2011-10-01
2012;07-01-;Nantes Noimoutier;26006;2012-07-01
2008;10-01-;Laval Angers;3858;2008-10-01
2010;08-01-;Laval Angers;1424;2010-08-01
2011;11-01-;Laval Angers;3463;2011-11-01
2013;01-01-;Laval Angers;3171;2013-01-01
2013;02-01-;Laval Angers;3188;2013-02-01
2013;06-01-;Laval Angers;2614;2013-06-01
2010;12-01-;Sud Vendée;1806;2010-12-01
2012;02-01-;Sud Vendée;2569;2012-02-01
2014;03-01-;Sud Vendée;2979;2014-03-01
2010;12-01-;Fontenay-Niort;3652;2010-12-01
2015;09-01-;Nantes St Jean de Monts;2247;2015-09-01
2015;11-01-;le Mans Saumur;13831;2015-11-01
2015;03-01-;Sud Vendée;3638;2015-03-01
2016;08-01-;Nantes St Jean de Monts;8336;2016-08-01
2016;08-01-;Nantes Poitiers;4306;2016-08-01
2016;01-01-;Redon Saint-Nazaire;992;2016-01-01
2007;08-01-;Nantes St Jean de Monts;5913;2007-08-01
2009;08-01-;Nantes St Jean de Monts;7415;2009-08-01
2010;04-01-;Nantes St Jean de Monts;1828;2010-04-01
2013;12-01-;Nantes St Jean de Monts;1722;2013-12-01
2009;05-01-;le Mans Saumur;13117;2009-05-01
2010;08-01-;le Mans Saumur;3635;2010-08-01
2012;04-01-;le Mans Saumur;8881;2012-04-01
2012;07-01-;le Mans Saumur;4905;2012-07-01
2008;06-01-;Nantes Poitiers;3581;2008-06-01
2011;10-01-;Nantes Poitiers;4796;2011-10-01
2008;04-01-;Redon Saint-Nazaire;1107;2008-04-01
2013;06-01-;Redon Saint-Nazaire;497;2013-06-01
2014;07-01-;Redon Saint-Nazaire;438;2014-07-01
2008;02-01-;Angers Châteaubriant;1110;2008-02-01
2008;09-01-;Angers Châteaubriant;1225;2008-09-01
2013;05-01-;Angers Châteaubriant;1080;2013-05-01
2009;04-01-;Laval Nantes;1847;2009-04-01
2012;12-01-;Laval Nantes;2116;2012-12-01
2014;12-01-;Laval Nantes;1557;2014-12-01
2007;05-01-;Nantes Noimoutier;7590;2007-05-01
2009;11-01-;Nantes Noimoutier;4419;2009-11-01
2008;06-01-;Laval Angers;2613;2008-06-01
2009;04-01-;Laval Angers;2575;2009-04-01
2010;10-01-;Fontenay-Niort;3629;2010-10-01
2015;05-01-;Sud Vendée;3169;2015-05-01
2015;05-01-;Fontenay-Niort;3102;2015-05-01
2016;12-01-;Nantes St Jean de Monts;2778;2016-12-01
2016;08-01-;le Mans Saumur;4411;2016-08-01
2016;11-01-;Laval Nantes;1435;2016-11-01
2016;08-01-;Fontenay-Niort;2820;2016-08-01
2012;09-01-;Nantes Poitiers;5610;2012-09-01
2010;12-01-;Redon Saint-Nazaire;666;2010-12-01
2014;02-01-;Redon Saint-Nazaire;812;2014-02-01
2007;01-01-;Laval Nantes;1843;2007-01-01
2008;06-01-;Laval Nantes;1898;2008-06-01
2008;07-01-;Laval Nantes;1251;2008-07-01
2009;07-01-;Laval Nantes;1130;2009-07-01
2010;04-01-;Laval Nantes;1929;2010-04-01
2011;12-01-;Laval Nantes;2048;2011-12-01
2011;05-01-;Nantes Noimoutier;7327;2011-05-01
2012;04-01-;Nantes Noimoutier;12455;2012-04-01
2012;05-01-;Nantes Noimoutier;10120;2012-05-01
2013;09-01-;Nantes Noimoutier;8312;2013-09-01
2008;03-01-;Laval Angers;3544;2008-03-01
2009;08-01-;Laval Angers;1423;2009-08-01
2009;11-01-;Laval Angers;3312;2009-11-01
2011;08-01-;Laval Angers;1687;2011-08-01
2011;10-01-;Laval Angers;3400;2011-10-01
2012;12-01-;Laval Angers;3159;2012-12-01
2011;03-01-;Sud Vendée;3139;2011-03-01
2012;03-01-;Sud Vendée;3158;2012-03-01
2013;10-01-;Sud Vendée;3221;2013-10-01
2009;11-01-;Fontenay-Niort;3671;2009-11-01
2013;02-01-;Fontenay-Niort;3300;2013-02-01
2013;06-01-;Fontenay-Niort;3629;2013-06-01
2015;06-01-;le Mans Saumur;10198;2015-06-01
2015;07-01-;Laval Angers;1396;2015-07-01
2016;09-01-;Nantes St Jean de Monts;2192;2016-09-01
2016;04-01-;le Mans Saumur;10059;2016-04-01
2013;06-01-;Nantes St Jean de Monts;2557;2013-06-01
2008;07-01-;le Mans Saumur;4341;2008-07-01
2009;10-01-;le Mans Saumur;13358;2009-10-01
2009;03-01-;Nantes Poitiers;3787;2009-03-01
2009;07-01-;Nantes Poitiers;3127;2009-07-01
2010;09-01-;Nantes Poitiers;3616;2010-09-01
2013;08-01-;Nantes Poitiers;5650;2013-08-01
2007;04-01-;Redon Saint-Nazaire;738;2007-04-01
2007;05-01-;Redon Saint-Nazaire;835;2007-05-01
2007;10-01-;Redon Saint-Nazaire;1130;2007-10-01
2008;01-01-;Redon Saint-Nazaire;913;2008-01-01
2009;02-01-;Redon Saint-Nazaire;812;2009-02-01
2010;12-01-;Angers Châteaubriant;1291;2010-12-01
2014;08-01-;Angers Châteaubriant;715;2014-08-01
2008;02-01-;Nantes Noimoutier;3824;2008-02-01
2008;03-01-;Nantes Noimoutier;4977;2008-03-01
2008;08-01-;Nantes Noimoutier;31859;2008-08-01
2012;03-01-;Nantes Noimoutier;4505;2012-03-01
2007;01-01-;Laval Angers;3084;2007-01-01
2014;09-01-;Laval Angers;3298;2014-09-01
2009;11-01-;Sud Vendée;3537;2009-11-01
2010;09-01-;Sud Vendée;2126;2010-09-01
2013;07-01-;Sud Vendée;2802;2013-07-01
2010;07-01-;Fontenay-Niort;3435;2010-07-01
2011;01-01-;Fontenay-Niort;4159;2011-01-01
2014;01-01-;Fontenay-Niort;3853;2014-01-01
2014;04-01-;Fontenay-Niort;3918;2014-04-01
2015;02-01-;Nantes Poitiers;4112;2015-02-01
2015;02-01-;Laval Nantes;1353;2015-02-01
2015;02-01-;Laval Angers;2156;2015-02-01
2015;11-01-;Laval Angers;2502;2015-11-01
2016;11-01-;Nantes St Jean de Monts;1589;2016-11-01
2016;10-01-;le Mans Saumur;10673;2016-10-01
2012;12-01-;Nantes St Jean de Monts;1471;2012-12-01
2011;02-01-;le Mans Saumur;11265;2011-02-01
2012;01-01-;le Mans Saumur;12319;2012-01-01
2011;09-01-;Nantes Poitiers;4042;2011-09-01
2012;03-01-;Nantes Poitiers;5044;2012-03-01
2014;12-01-;Nantes Poitiers;5186;2014-12-01
2007;11-01-;Redon Saint-Nazaire;962;2007-11-01
2009;09-01-;Angers Châteaubriant;1328;2009-09-01
2011;05-01-;Angers Châteaubriant;1388;2011-05-01
2012;10-01-;Angers Châteaubriant;1262;2012-10-01
2007;09-01-;Laval Nantes;2161;2007-09-01
2008;08-01-;Laval Nantes;1158;2008-08-01
2012;07-01-;Laval Nantes;1177;2012-07-01
2007;03-01-;Nantes Noimoutier;3727;2007-03-01
2009;03-01-;Nantes Noimoutier;4956;2009-03-01
2007;02-01-;Laval Angers;2361;2007-02-01
2011;04-01-;Laval Angers;2020;2011-04-01
2013;09-01-;Laval Angers;3512;2013-09-01
2008;09-01-;Sud Vendée;4415;2008-09-01
2011;01-01-;Sud Vendée;3436;2011-01-01
2011;10-01-;Fontenay-Niort;3453;2011-10-01
2012;10-01-;Fontenay-Niort;4057;2012-10-01
2016;05-01-;Nantes Poitiers;4555;2016-05-01
2013;04-01-;Nantes St Jean de Monts;2144;2013-04-01
2014;10-01-;Nantes St Jean de Monts;2893;2014-10-01
2007;07-01-;le Mans Saumur;3986;2007-07-01
2007;12-01-;le Mans Saumur;12689;2007-12-01
2010;04-01-;le Mans Saumur;9984;2010-04-01
2007;12-01-;Nantes Poitiers;3709;2007-12-01
2014;09-01-;Nantes Poitiers;5109;2014-09-01
2009;01-01-;Redon Saint-Nazaire;1037;2009-01-01
2012;02-01-;Redon Saint-Nazaire;629;2012-02-01
2012;06-01-;Redon Saint-Nazaire;691;2012-06-01
2012;12-01-;Redon Saint-Nazaire;499;2012-12-01
2007;11-01-;Angers Châteaubriant;1070;2007-11-01
2010;11-01-;Angers Châteaubriant;1273;2010-11-01
2011;09-01-;Angers Châteaubriant;1319;2011-09-01
2012;01-01-;Angers Châteaubriant;1409;2012-01-01
2007;05-01-;Laval Nantes;1882;2007-05-01
2007;12-01-;Laval Nantes;2025;2007-12-01
2008;01-01-;Laval Nantes;1939;2008-01-01
2009;10-01-;Laval Nantes;2256;2009-10-01
2009;11-01-;Laval Nantes;2360;2009-11-01
2010;03-01-;Laval Nantes;2230;2010-03-01
2009;01-01-;Laval Angers;3498;2009-01-01
2014;05-01-;Laval Angers;2653;2014-05-01
2007;07-01-;Sud Vendée;2982;2007-07-01
2008;04-01-;Sud Vendée;3751;2008-04-01
2015;03-01-;Nantes St Jean de Monts;2418;2015-03-01
2015;10-01-;Nantes Poitiers;4713;2015-10-01
2015;05-01-;Angers Châteaubriant;818;2015-05-01
2015;08-01-;Nantes Noimoutier;33733;2015-08-01
2015;01-01-;Fontenay-Niort;3277;2015-01-01
2015;02-01-;Fontenay-Niort;3106;2015-02-01
2016;06-01-;Nantes Poitiers;3987;2016-06-01
2007;05-01-;Nantes St Jean de Monts;940;2007-05-01
2009;12-01-;Nantes St Jean de Monts;1058;2009-12-01
2011;05-01-;Nantes St Jean de Monts;2092;2011-05-01
2012;06-01-;Nantes St Jean de Monts;2315;2012-06-01
2012;07-01-;Nantes St Jean de Monts;7420;2012-07-01
2013;07-01-;Nantes St Jean de Monts;8110;2013-07-01
2008;08-01-;le Mans Saumur;3441;2008-08-01
2010;01-01-;le Mans Saumur;12963;2010-01-01
2014;10-01-;le Mans Saumur;10457;2014-10-01
2007;10-01-;Nantes Poitiers;3917;2007-10-01
2008;03-01-;Nantes Poitiers;3932;2008-03-01
2008;12-01-;Nantes Poitiers;3730;2008-12-01
2008;05-01-;Redon Saint-Nazaire;972;2008-05-01
2014;11-01-;Redon Saint-Nazaire;765;2014-11-01
2007;08-01-;Angers Châteaubriant;887;2007-08-01
2009;06-01-;Nantes Noimoutier;8501;2009-06-01
2012;02-01-;Nantes Noimoutier;4102;2012-02-01
2014;10-01-;Nantes Noimoutier;7993;2014-10-01
2008;04-01-;Laval Angers;2737;2008-04-01
2008;05-01-;Laval Angers;3187;2008-05-01
2008;08-01-;Laval Angers;1633;2008-08-01
2012;04-01-;Laval Angers;2877;2012-04-01
2007;01-01-;Sud Vendée;3825;2007-01-01
2008;05-01-;Sud Vendée;4032;2008-05-01
2008;12-01-;Sud Vendée;3815;2008-12-01
2009;07-01-;Sud Vendée;2574;2009-07-01
2010;06-01-;Sud Vendée;3078;2010-06-01
2014;03-01-;Fontenay-Niort;3895;2014-03-01
2015;01-01-;Nantes St Jean de Monts;2090;2015-01-01
2015;12-01-;le Mans Saumur;10459;2015-12-01
2015;11-01-;Nantes Poitiers;4186;2015-11-01
2015;02-01-;Angers Châteaubriant;748;2015-02-01
2015;08-01-;Laval Angers;1420;2015-08-01
2015;03-01-;Fontenay-Niort;3329;2015-03-01
2016;03-01-;le Mans Saumur;13569;2016-03-01
2016;03-01-;Nantes Poitiers;4109;2016-03-01
2016;12-01-;Nantes Poitiers;4660;2016-12-01
2016;08-01-;Laval Angers;1310;2016-08-01
2016;02-01-;Sud Vendée;3204;2016-02-01
2007;09-01-;Nantes St Jean de Monts;1277;2007-09-01
2013;10-01-;Nantes St Jean de Monts;1586;2013-10-01
2014;03-01-;Nantes St Jean de Monts;1738;2014-03-01
2014;11-01-;Nantes St Jean de Monts;2307;2014-11-01
2009;09-01-;le Mans Saumur;14963;2009-09-01
2012;08-01-;le Mans Saumur;4251;2012-08-01
2012;12-01-;le Mans Saumur;10415;2012-12-01
2014;08-01-;le Mans Saumur;4211;2014-08-01
2014;12-01-;le Mans Saumur;10008;2014-12-01
2009;04-01-;Nantes Poitiers;3661;2009-04-01
2007;12-01-;Redon Saint-Nazaire;849;2007-12-01
2009;03-01-;Redon Saint-Nazaire;985;2009-03-01
2010;10-01-;Redon Saint-Nazaire;686;2010-10-01
2007;01-01-;Angers Châteaubriant;1139;2007-01-01
2008;03-01-;Angers Châteaubriant;1311;2008-03-01
2014;10-01-;Angers Châteaubriant;910;2014-10-01
2014;03-01-;Laval Nantes;1582;2014-03-01
2014;08-01-;Laval Nantes;895;2014-08-01
2014;03-01-;Nantes Noimoutier;4078;2014-03-01
2010;11-01-;Laval Angers;3263;2010-11-01
2011;01-01-;Laval Angers;3722;2011-01-01
2011;08-01-;Fontenay-Niort;2821;2011-08-01
2013;03-01-;Fontenay-Niort;3906;2013-03-01
2013;10-01-;Fontenay-Niort;3992;2013-10-01
2014;11-01-;Fontenay-Niort;3500;2014-11-01
2015;05-01-;Nantes Poitiers;5093;2015-05-01
2016;10-01-;Nantes Noimoutier;7531;2016-10-01
2008;04-01-;Nantes St Jean de Monts;1002;2008-04-01
2012;08-01-;Nantes St Jean de Monts;9423;2012-08-01
2009;08-01-;le Mans Saumur;3354;2009-08-01
2008;07-01-;Nantes Poitiers;3230;2008-07-01
2010;08-01-;Nantes Poitiers;3054;2010-08-01
2010;12-01-;Nantes Poitiers;3633;2010-12-01
2012;01-01-;Nantes Poitiers;4988;2012-01-01
2012;06-01-;Nantes Poitiers;5124;2012-06-01
2013;11-01-;Nantes Poitiers;5428;2013-11-01
2007;08-01-;Redon Saint-Nazaire;514;2007-08-01
2013;10-01-;Redon Saint-Nazaire;608;2013-10-01
2014;04-01-;Redon Saint-Nazaire;955;2014-04-01
2011;06-01-;Angers Châteaubriant;1232;2011-06-01
2012;06-01-;Angers Châteaubriant;1066;2012-06-01
2013;08-01-;Angers Châteaubriant;831;2013-08-01
2013;10-01-;Angers Châteaubriant;1179;2013-10-01
2007;08-01-;Laval Nantes;877;2007-08-01
2011;02-01-;Laval Nantes;1905;2011-02-01
2011;10-01-;Laval Nantes;1963;2011-10-01
2010;03-01-;Nantes Noimoutier;4046;2010-03-01
2010;09-01-;Nantes Noimoutier;7507;2010-09-01
2014;03-01-;Laval Angers;2741;2014-03-01
2007;03-01-;Sud Vendée;4060;2007-03-01
2012;04-01-;Fontenay-Niort;3186;2012-04-01
2012;07-01-;Fontenay-Niort;3304;2012-07-01
2015;03-01-;Nantes Poitiers;4286;2015-03-01
2015;07-01-;Nantes Poitiers;4693;2015-07-01
2015;06-01-;Laval Nantes;1384;2015-06-01
2015;06-01-;Nantes Noimoutier;9302;2015-06-01
2015;09-01-;Fontenay-Niort;3159;2015-09-01
2016;07-01-;Nantes St Jean de Monts;8049;2016-07-01
2016;07-01-;Sud Vendée;3454;2016-07-01
2016;09-01-;Sud Vendée;4018;2016-09-01
2016;12-01-;Fontenay-Niort;3328;2016-12-01
2011;11-01-;Nantes St Jean de Monts;1182;2011-11-01
2012;11-01-;Nantes St Jean de Monts;1426;2012-11-01
2007;03-01-;le Mans Saumur;16831;2007-03-01
2007;09-01-;le Mans Saumur;15603;2007-09-01
2008;03-01-;le Mans Saumur;16157;2008-03-01
2009;11-01-;le Mans Saumur;13703;2009-11-01
2010;10-01-;le Mans Saumur;10794;2010-10-01
2014;09-01-;le Mans Saumur;12605;2014-09-01
2011;07-01-;Nantes Poitiers;3682;2011-07-01
2008;03-01-;Redon Saint-Nazaire;1065;2008-03-01
2009;10-01-;Redon Saint-Nazaire;890;2009-10-01
2011;05-01-;Redon Saint-Nazaire;616;2011-05-01
2012;05-01-;Redon Saint-Nazaire;384;2012-05-01
2009;01-01-;Laval Nantes;2219;2009-01-01
2007;04-01-;Nantes Noimoutier;9966;2007-04-01
2009;09-01-;Nantes Noimoutier;7238;2009-09-01
2011;08-01-;Nantes Noimoutier;31822;2011-08-01
2014;08-01-;Nantes Noimoutier;33500;2014-08-01
2008;09-01-;Laval Angers;3857;2008-09-01
2008;12-01-;Laval Angers;3104;2008-12-01
2012;05-01-;Laval Angers;3412;2012-05-01
2007;12-01-;Sud Vendée;3412;2007-12-01
2009;05-01-;Sud Vendée;3544;2009-05-01
2010;03-01-;Sud Vendée;3916;2010-03-01
2012;06-01-;Sud Vendée;2748;2012-06-01
2013;06-01-;Sud Vendée;2878;2013-06-01
2011;09-01-;Fontenay-Niort;3629;2011-09-01
2012;05-01-;Fontenay-Niort;3278;2012-05-01
2013;12-01-;Fontenay-Niort;3555;2013-12-01
2015;10-01-;Nantes St Jean de Monts;2016;2015-10-01
2015;10-01-;Laval Angers;2315;2015-10-01
2010;07-01-;Nantes St Jean de Monts;6335;2010-07-01
2010;11-01-;Nantes St Jean de Monts;1188;2010-11-01
2008;04-01-;Nantes Poitiers;3619;2008-04-01
2009;02-01-;Nantes Poitiers;3513;2009-02-01
2014;04-01-;Nantes Poitiers;5212;2014-04-01
2009;07-01-;Redon Saint-Nazaire;508;2009-07-01
2010;08-01-;Redon Saint-Nazaire;498;2010-08-01
2007;05-01-;Angers Châteaubriant;1135;2007-05-01
2007;10-01-;Angers Châteaubriant;1299;2007-10-01
2009;07-01-;Angers Châteaubriant;1045;2009-07-01
2010;10-01-;Angers Châteaubriant;1290;2010-10-01
2012;04-01-;Angers Châteaubriant;1333;2012-04-01
2014;03-01-;Angers Châteaubriant;985;2014-03-01
2007;10-01-;Laval Nantes;2290;2007-10-01
2009;03-01-;Laval Nantes;2276;2009-03-01
2011;05-01-;Laval Nantes;2927;2011-05-01
2013;01-01-;Laval Nantes;1986;2013-01-01
2014;04-01-;Laval Nantes;1687;2014-04-01
2011;02-01-;Nantes Noimoutier;3909;2011-02-01
2007;06-01-;Laval Angers;2458;2007-06-01
2007;12-01-;Laval Angers;3133;2007-12-01
2009;03-01-;Laval Angers;3581;2009-03-01
2010;04-01-;Laval Angers;2752;2010-04-01
2014;07-01-;Laval Angers;1864;2014-07-01
2009;10-01-;Sud Vendée;3592;2009-10-01
2012;05-01-;Sud Vendée;3035;2012-05-01
2013;09-01-;Sud Vendée;3043;2013-09-01
2014;08-01-;Sud Vendée;3247;2014-08-01
2011;12-01-;Fontenay-Niort;3232;2011-12-01
2012;12-01-;Fontenay-Niort;3597;2012-12-01
2015;11-01-;Nantes St Jean de Monts;1594;2015-11-01
2015;10-01-;Angers Châteaubriant;770;2015-10-01
2015;10-01-;Nantes Noimoutier;8073;2015-10-01
2016;09-01-;Nantes Poitiers;3878;2016-09-01
2016;02-01-;Redon Saint-Nazaire;699;2016-02-01
2016;03-01-;Laval Angers;2498;2016-03-01
2016;04-01-;Sud Vendée;3436;2016-04-01
2016;12-01-;Sud Vendée;3439;2016-12-01
2007;06-01-;Nantes St Jean de Monts;1240;2007-06-01
2010;06-01-;Nantes St Jean de Monts;2051;2010-06-01
2011;10-01-;Nantes St Jean de Monts;1414;2011-10-01
2011;12-01-;Nantes St Jean de Monts;1568;2011-12-01
2013;05-01-;Nantes St Jean de Monts;2711;2013-05-01
2007;01-01-;le Mans Saumur;13716;2007-01-01
2013;07-01-;le Mans Saumur;5421;2013-07-01
2014;01-01-;le Mans Saumur;12269;2014-01-01
2014;04-01-;le Mans Saumur;11820;2014-04-01
2009;11-01-;Nantes Poitiers;3826;2009-11-01
2010;10-01-;Nantes Poitiers;3715;2010-10-01
2011;11-01-;Nantes Poitiers;4533;2011-11-01
2011;06-01-;Redon Saint-Nazaire;549;2011-06-01
2011;08-01-;Redon Saint-Nazaire;467;2011-08-01
2014;08-01-;Redon Saint-Nazaire;368;2014-08-01
2010;02-01-;Angers Châteaubriant;1147;2010-02-01
2012;03-01-;Angers Châteaubriant;1341;2012-03-01
2013;07-01-;Nantes Noimoutier;26053;2013-07-01
2013;08-01-;Nantes Noimoutier;34076;2013-08-01
2012;01-01-;Laval Angers;3607;2012-01-01
2011;05-01-;Sud Vendée;3267;2011-05-01
2014;06-01-;Sud Vendée;3091;2014-06-01
2012;11-01-;Fontenay-Niort;3916;2012-11-01
2013;11-01-;Fontenay-Niort;3896;2013-11-01
2014;10-01-;Fontenay-Niort;3835;2014-10-01
2015;05-01-;Nantes St Jean de Monts;3368;2015-05-01
2015;01-01-;Redon Saint-Nazaire;738;2015-01-01
2015;11-01-;Redon Saint-Nazaire;783;2015-11-01
2015;06-01-;Laval Angers;2270;2015-06-01
2016;10-01-;Nantes St Jean de Monts;1881;2016-10-01
2016;02-01-;le Mans Saumur;9860;2016-02-01
2016;06-01-;le Mans Saumur;10425;2016-06-01
2008;03-01-;Nantes St Jean de Monts;635;2008-03-01
2009;03-01-;Nantes St Jean de Monts;514;2009-03-01
2009;04-01-;Nantes St Jean de Monts;1007;2009-04-01
2009;07-01-;Nantes St Jean de Monts;5561;2009-07-01
2008;11-01-;le Mans Saumur;12503;2008-11-01
2014;05-01-;le Mans Saumur;9534;2014-05-01
2007;04-01-;Nantes Poitiers;3632;2007-04-01
2010;03-01-;Nantes Poitiers;3583;2010-03-01
2007;01-01-;Redon Saint-Nazaire;893;2007-01-01
2007;06-01-;Redon Saint-Nazaire;805;2007-06-01
2007;07-01-;Redon Saint-Nazaire;669;2007-07-01
2008;06-01-;Redon Saint-Nazaire;1270;2008-06-01
2008;10-01-;Redon Saint-Nazaire;1331;2008-10-01
2008;08-01-;Angers Châteaubriant;899;2008-08-01
2010;09-01-;Angers Châteaubriant;1243;2010-09-01
2012;07-01-;Angers Châteaubriant;865;2012-07-01
2013;07-01-;Angers Châteaubriant;1012;2013-07-01
2014;05-01-;Angers Châteaubriant;875;2014-05-01
2008;05-01-;Laval Nantes;2121;2008-05-01
2011;11-01-;Laval Nantes;2356;2011-11-01
2014;10-01-;Laval Nantes;1611;2014-10-01
2008;11-01-;Nantes Noimoutier;4945;2008-11-01
2014;06-01-;Nantes Noimoutier;9878;2014-06-01
2010;09-01-;Fontenay-Niort;3606;2010-09-01
2011;04-01-;Fontenay-Niort;3860;2011-04-01
2015;02-01-;le Mans Saumur;8601;2015-02-01
2016;06-01-;Nantes St Jean de Monts;2627;2016-06-01
2016;05-01-;Angers Châteaubriant;793;2016-05-01
2016;06-01-;Laval Nantes;1230;2016-06-01
2016;08-01-;Nantes Noimoutier;32397;2016-08-01
2016;09-01-;Fontenay-Niort;3607;2016-09-01
2007;11-01-;Nantes St Jean de Monts;480;2007-11-01
2010;01-01-;Nantes St Jean de Monts;881;2010-01-01
2012;01-01-;Nantes St Jean de Monts;1175;2012-01-01
2007;06-01-;le Mans Saumur;13050;2007-06-01
2008;05-01-;le Mans Saumur;14045;2008-05-01
2008;09-01-;le Mans Saumur;15377;2008-09-01
2007;02-01-;Nantes Poitiers;3146;2007-02-01
2011;03-01-;Nantes Poitiers;3512;2011-03-01
2010;01-01-;Redon Saint-Nazaire;816;2010-01-01
2010;06-01-;Redon Saint-Nazaire;1095;2010-06-01
2007;02-01-;Angers Châteaubriant;971;2007-02-01
2011;03-01-;Angers Châteaubriant;1212;2011-03-01
2010;09-01-;Laval Nantes;2053;2010-09-01
2012;06-01-;Laval Nantes;2026;2012-06-01
2010;06-01-;Nantes Noimoutier;7997;2010-06-01
2013;05-01-;Nantes Noimoutier;12724;2013-05-01
2013;10-01-;Nantes Noimoutier;7059;2013-10-01
2010;06-01-;Laval Angers;2506;2010-06-01
2010;10-01-;Laval Angers;3557;2010-10-01
2012;09-01-;Laval Angers;3769;2012-09-01
2013;11-01-;Laval Angers;3107;2013-11-01
2010;02-01-;Sud Vendée;2823;2010-02-01
2011;06-01-;Sud Vendée;2710;2011-06-01
2011;08-01-;Sud Vendée;2528;2011-08-01
2012;10-01-;Sud Vendée;3767;2012-10-01
2015;07-01-;Laval Nantes;859;2015-07-01
2015;09-01-;Laval Nantes;1604;2015-09-01
2015;03-01-;Nantes Noimoutier;4373;2015-03-01
2015;05-01-;Nantes Noimoutier;11100;2015-05-01
2015;08-01-;Fontenay-Niort;2909;2015-08-01
2016;05-01-;le Mans Saumur;12848;2016-05-01
2016;05-01-;Redon Saint-Nazaire;1189;2016-05-01
2016;12-01-;Laval Nantes;1352;2016-12-01
2016;02-01-;Nantes Noimoutier;3898;2016-02-01
2016;06-01-;Sud Vendée;3483;2016-06-01
2009;05-01-;Nantes St Jean de Monts;1031;2009-05-01
2009;11-01-;Nantes St Jean de Monts;1102;2009-11-01
2010;12-01-;Nantes St Jean de Monts;1247;2010-12-01
2014;01-01-;Nantes St Jean de Monts;1646;2014-01-01
2007;02-01-;le Mans Saumur;10383;2007-02-01
2009;06-01-;le Mans Saumur;12208;2009-06-01
2011;04-01-;le Mans Saumur;10971;2011-04-01
2014;03-01-;le Mans Saumur;9497;2014-03-01
2010;07-01-;Nantes Poitiers;2980;2010-07-01
2011;01-01-;Nantes Poitiers;3882;2011-01-01
2012;07-01-;Nantes Poitiers;5533;2012-07-01
2010;08-01-;Angers Châteaubriant;855;2010-08-01
2011;01-01-;Angers Châteaubriant;1454;2011-01-01
2011;10-01-;Angers Châteaubriant;1305;2011-10-01
2007;02-01-;Laval Nantes;1548;2007-02-01
2008;12-01-;Laval Nantes;1828;2008-12-01
2011;01-01-;Laval Nantes;2109;2011-01-01
2008;07-01-;Nantes Noimoutier;24007;2008-07-01
2014;04-01-;Nantes Noimoutier;9066;2014-04-01
2012;03-01-;Laval Angers;3755;2012-03-01
2008;06-01-;Sud Vendée;3709;2008-06-01
2010;08-01-;Fontenay-Niort;2970;2010-08-01
2015;02-01-;Nantes St Jean de Monts;2017;2015-02-01
2015;05-01-;Laval Angers;2482;2015-05-01
2015;09-01-;Sud Vendée;3668;2015-09-01
2016;12-01-;Redon Saint-Nazaire;741;2016-12-01
2016;03-01-;Nantes Noimoutier;4678;2016-03-01
2016;07-01-;Laval Angers;1480;2016-07-01
2007;04-01-;Nantes St Jean de Monts;1145;2007-04-01
2010;03-01-;le Mans Saumur;13834;2010-03-01
2014;07-01-;le Mans Saumur;5053;2014-07-01
2009;06-01-;Nantes Poitiers;3589;2009-06-01
2011;12-01-;Nantes Poitiers;5172;2011-12-01
2012;10-01-;Nantes Poitiers;5418;2012-10-01
2014;01-01-;Nantes Poitiers;5176;2014-01-01
2011;01-01-;Redon Saint-Nazaire;639;2011-01-01
2011;10-01-;Redon Saint-Nazaire;617;2011-10-01
2013;05-01-;Laval Angers;3074;2013-05-01
2013;08-01-;Laval Angers;1614;2013-08-01
2008;07-01-;Sud Vendée;3508;2008-07-01
2011;02-01-;Sud Vendée;3095;2011-02-01
2011;09-01-;Sud Vendée;3221;2011-09-01
2012;09-01-;Sud Vendée;3198;2012-09-01
2011;06-01-;Fontenay-Niort;3445;2011-06-01
2015;07-01-;le Mans Saumur;4617;2015-07-01
2015;04-01-;Laval Nantes;1419;2015-04-01
2015;06-01-;Sud Vendée;3374;2015-06-01
2016;03-01-;Nantes St Jean de Monts;1758;2016-03-01
2016;11-01-;le Mans Saumur;12515;2016-11-01
2016;10-01-;Redon Saint-Nazaire;848;2016-10-01
2016;07-01-;Laval Nantes;999;2016-07-01
2016;11-01-;Nantes Noimoutier;4676;2016-11-01
2016;05-01-;Fontenay-Niort;3318;2016-05-01
2008;09-01-;Nantes St Jean de Monts;1064;2008-09-01
2008;11-01-;Nantes St Jean de Monts;569;2008-11-01
2009;06-01-;Nantes St Jean de Monts;1262;2009-06-01
2013;02-01-;Nantes St Jean de Monts;1226;2013-02-01
2014;06-01-;Nantes St Jean de Monts;3090;2014-06-01
2007;08-01-;le Mans Saumur;3521;2007-08-01
2009;09-01-;Nantes Poitiers;3678;2009-09-01
2013;10-01-;Nantes Poitiers;5732;2013-10-01
2014;06-01-;Nantes Poitiers;4918;2014-06-01
2007;02-01-;Redon Saint-Nazaire;771;2007-02-01
2011;03-01-;Redon Saint-Nazaire;638;2011-03-01
2013;05-01-;Redon Saint-Nazaire;574;2013-05-01
2013;12-01-;Redon Saint-Nazaire;641;2013-12-01
2014;01-01-;Redon Saint-Nazaire;804;2014-01-01
2007;04-01-;Angers Châteaubriant;1094;2007-04-01
2012;11-01-;Angers Châteaubriant;1248;2012-11-01
2013;02-01-;Laval Nantes;2019;2013-02-01
2009;02-01-;Nantes Noimoutier;4326;2009-02-01
2012;11-01-;Nantes Noimoutier;6395;2012-11-01
2010;07-01-;Laval Angers;1682;2010-07-01
2013;12-01-;Laval Angers;2978;2013-12-01
2007;10-01-;Sud Vendée;4132;2007-10-01
2011;04-01-;Sud Vendée;3165;2011-04-01
2012;01-01-;Sud Vendée;3224;2012-01-01
2009;09-01-;Fontenay-Niort;3316;2009-09-01
2015;07-01-;Redon Saint-Nazaire;408;2015-07-01
2015;04-01-;Angers Châteaubriant;867;2015-04-01
2015;11-01-;Angers Châteaubriant;720;2015-11-01
2015;11-01-;Laval Nantes;1602;2015-11-01
2015;07-01-;Sud Vendée;3079;2015-07-01
2016;09-01-;Redon Saint-Nazaire;1260;2016-09-01
2014;05-01-;Nantes St Jean de Monts;2424;2014-05-01
2011;08-01-;le Mans Saumur;3722;2011-08-01
2011;09-01-;le Mans Saumur;12758;2011-09-01
2012;10-01-;le Mans Saumur;13462;2012-10-01
2007;07-01-;Nantes Poitiers;3030;2007-07-01
2007;08-01-;Nantes Poitiers;2897;2007-08-01
2008;10-01-;Nantes Poitiers;4268;2008-10-01
2013;03-01-;Redon Saint-Nazaire;701;2013-03-01
2007;12-01-;Angers Châteaubriant;1269;2007-12-01
2013;12-01-;Angers Châteaubriant;1086;2013-12-01
2014;01-01-;Angers Châteaubriant;982;2014-01-01
2009;12-01-;Laval Nantes;1770;2009-12-01
2011;07-01-;Laval Nantes;1164;2011-07-01
2009;01-01-;Nantes Noimoutier;3991;2009-01-01
2010;11-01-;Nantes Noimoutier;4125;2010-11-01
2007;09-01-;Sud Vendée;3824;2007-09-01
2010;07-01-;Sud Vendée;2503;2010-07-01
2013;11-01-;Sud Vendée;2772;2013-11-01
2012;06-01-;Fontenay-Niort;3390;2012-06-01
2013;09-01-;Fontenay-Niort;3904;2013-09-01
2014;02-01-;Fontenay-Niort;3602;2014-02-01
2015;10-01-;le Mans Saumur;10880;2015-10-01
2015;09-01-;Redon Saint-Nazaire;933;2015-09-01
2015;12-01-;Laval Nantes;1285;2015-12-01
2015;07-01-;Nantes Noimoutier;28147;2015-07-01
2015;03-01-;Laval Angers;2838;2015-03-01
2016;01-01-;le Mans Saumur;13287;2016-01-01
2016;12-01-;le Mans Saumur;9230;2016-12-01
2016;12-01-;Laval Angers;2420;2016-12-01
2016;03-01-;Fontenay-Niort;3386;2016-03-01
2008;07-01-;Nantes St Jean de Monts;5219;2008-07-01
2008;10-01-;Nantes St Jean de Monts;733;2008-10-01
2009;12-01-;le Mans Saumur;9892;2009-12-01
2012;03-01-;le Mans Saumur;12811;2012-03-01
2013;04-01-;le Mans Saumur;10264;2013-04-01
2007;09-01-;Nantes Poitiers;3594;2007-09-01
2013;11-01-;Redon Saint-Nazaire;575;2013-11-01
2011;08-01-;Angers Châteaubriant;797;2011-08-01
2013;11-01-;Angers Châteaubriant;1025;2013-11-01
2007;11-01-;Laval Nantes;2094;2007-11-01
2009;06-01-;Laval Nantes;1874;2009-06-01
2010;02-01-;Laval Nantes;1686;2010-02-01
2007;06-01-;Nantes Noimoutier;7737;2007-06-01
2009;07-01-;Nantes Noimoutier;23918;2009-07-01
2010;01-01-;Nantes Noimoutier;3572;2010-01-01
2014;12-01-;Nantes Noimoutier;5142;2014-12-01
2007;09-01-;Laval Angers;3138;2007-09-01
2010;05-01-;Laval Angers;3045;2010-05-01
2009;04-01-;Sud Vendée;3438;2009-04-01
2010;08-01-;Sud Vendée;2489;2010-08-01
2011;03-01-;Fontenay-Niort;3986;2011-03-01
2011;05-01-;Fontenay-Niort;3840;2011-05-01
2016;04-01-;Redon Saint-Nazaire;896;2016-04-01
2016;01-01-;Angers Châteaubriant;752;2016-01-01
2016;02-01-;Laval Nantes;1121;2016-02-01
2016;10-01-;Laval Angers;2453;2016-10-01
2016;07-01-;Fontenay-Niort;3175;2016-07-01
