Exercice;Objet;Code Tiers;Code département;Age;Montant voté;Libellé Departement
2011;Aide à l'achat de vélos pliants pour les abonnés annuels travail ou étudiants-èlèves-apprentis;641118;44;45;179.5;Loire-Atlantique
2011;Aide à l'achat d'un vélo pliant pour les abonnés annuels travail ou étudiants-èlèves-apprentis;642101;85;42;200.0;Vendée
2011;Aide à l'achat d'un vélo pliant pour les abonnés annuels travail ou étudiants-èlèves-apprentis;642103;49;33;149.98;Maine-et-Loire
2012;Aide à l'achat d'un vélo pliant pour les abonnés annuels travail ou étudiants-èlèves-apprentis;514496;72;30;200.0;Sarthe
2012;Aide à l'achat d'un vélo pliant pour les abonnés annuels travail ou étudiants-èlèves-apprentis;616051;44;31;200.0;Loire-Atlantique
2012;Aide à l'achat d'un vélo pliant pour les abonnés annuels travail ou étudiants-èlèves-apprentis;643515;49;49;74.98;Maine-et-Loire
2012;Aide à l'achat d'un vélo pliant pour les abonnés annuels travail ou étudiants-èlèves-apprentis;645880;72;43;200.0;Sarthe
2012;Aide à l'achat d'un vélo pliant pour les abonnés annuels travail ou étudiants-èlèves-apprentis;646021;44;31;200.0;Loire-Atlantique
2012;Aide à l'achat d'un vélo pliant pour les abonnés annuels travail ou étudiants-èlèves-apprentis;646032;85;38;149.98;Vendée
2012;Aide à l'achat d'un vélo pliant pour les abonnés annuels travail ou étudiants-èlèves-apprentis;646491;49;43;200.0;Maine-et-Loire
2012;Aide à l'achat d'un vélo pliant pour les abonnés annuels travail ou étudiants-èlèves-apprentis;646537;44;40;57.0;Loire-Atlantique
2012;Aide à l'achat d'un vélo pliant pour les abonnés annuels travail ou étudiants-èlèves-apprentis;647919;72;34;99.98;Sarthe
2013;Aide à l'achat de vélos pliants pour les abonnés annuels travail ou étudiants-èlèves-apprentis;211493;44;31;200.0;Loire-Atlantique
2013;Aide à l'achat de vélos pliants pour les abonnés annuels travail ou étudiants-èlèves-apprentis;651330;44;61;99.98;Loire-Atlantique
2013;Aide à l'achat de vélos pliants pour les abonnés annuels travail ou étudiants-èlèves-apprentis;651332;44;27;0.0;Loire-Atlantique
2013;Aide à l'achat de vélos pliants pour les abonnés annuels travail ou étudiants-èlèves-apprentis;651832;49;34;200.0;Maine-et-Loire
2013;Aide à l'achat de vélos pliants pour les abonnés annuels travail ou étudiants-èlèves-apprentis;651953;44;37;99.98;Loire-Atlantique
2013;Aide à l'achat de vélos pliants pour les abonnés annuels travail ou étudiants-èlèves-apprentis;652459;44;54;200.0;Loire-Atlantique
2014;Aide à l'achat de vélos pliants pour les abonnés annuels travail ou étudiants-èlèves-apprentis;654665;44;22;129.5;Loire-Atlantique
2014;Aide à l'achat de vélos pliants pour les abonnés annuels travail ou étudiants-èlèves-apprentis;655561;44;55;200.0;Loire-Atlantique
2015;Aide à l'achat de vélos pliants pour les abonnés annuels travail ou étudiants-èlèves-apprentis;660035;85;50;59.5;Vendée
2015;Aide à l'achat de vélos pliants pour les abonnés annuels travail ou étudiants-èlèves-apprentis;661783;49;22;200.0;Maine-et-Loire
2015;Aide à l'achat de vélos pliants pour les abonnés annuels travail ou étudiants-èlèves-apprentis;662242;44;29;199.97;Loire-Atlantique
2015;Aide à l'achat de vélos pliants pour les abonnés annuels travail ou étudiants-èlèves-apprentis;662459;49;39;149.97;Maine-et-Loire
2015;Aide à l'achat de vélos pliants pour les abonnés annuels travail ou étudiants-èlèves-apprentis;662630;44;24;149.97;Loire-Atlantique
2016;Aide à l'achat de vélos pliants pour les abonnés annuels travail ou étudiants-èlèves-apprentis;523139;44;28;79.99;Loire-Atlantique
2016;Aide à l'achat de vélos pliants pour les abonnés annuels travail ou étudiants-èlèves-apprentis;663299;44;56;200.0;Loire-Atlantique
2016;Aide à l'achat de vélos pliants pour les abonnés annuels travail ou étudiants-èlèves-apprentis;666075;44;38;200.0;Loire-Atlantique
2017;Aide à l'achat de vélos pliants pour les abonnés annuels travail ou étudiants-èlèves-apprentis;281827;44;36;200.0;Loire-Atlantique
2017;Aide à l'achat de vélos pliants pour les abonnés annuels travail ou étudiants-èlèves-apprentis;668952;49;42;79.99;Maine-et-Loire
2017;Aide à l'achat de vélos pliants pour les abonnés annuels travail ou étudiants-èlèves-apprentis;670835;49;35;149.99;Maine-et-Loire
2017;Aide à l'achat de vélos pliants pour les abonnés annuels travail ou étudiants-èlèves-apprentis;671087;44;45;199.99;Loire-Atlantique
2017;Aide à l'achat de vélos pliants pour les abonnés annuels travail ou étudiants-èlèves-apprentis;671799;44;51;200.0;Loire-Atlantique
2018;Aide à l'achat de vélos pliants pour les abonnés de travail ou étudiants-apprentis, annuels ou mensuels d'au moins 6 mois;689901;72;36;54.5;Sarthe
2011;Aide à l'achat de vélos pliants pour les abonnés annuels travail ou étudiants-èlèves-apprentis;631988;85;36;149.98;Vendée
2011;Aide à l'achat d'un vélo pliant pour les abonnés annuels travail ou étudiants-èlèves-apprentis;158178;44;28;94.5;Loire-Atlantique
2012;aide à l'achat d'un vélo pliant pour les abonnés annuels travail ou étudiants-èlèves-apprentis;644241;44;29;142.48;Loire-Atlantique
2012;Aide à l'achat d'un vélo pliant pour les abonnés annuels travail ou étudiants-èlèves-apprentis;152722;72;27;149.98;Sarthe
2012;Aide à l'achat d'un vélo pliant pour les abonnés annuels travail ou étudiants-èlèves-apprentis;643288;44;28;179.5;Loire-Atlantique
2012;Aide à l'achat d'un vélo pliant pour les abonnés annuels travail ou étudiants-èlèves-apprentis;644734;44;60;74.5;Loire-Atlantique
2012;Aide à l'achat d'un vélo pliant pour les abonnés annuels travail ou étudiants-èlèves-apprentis;645792;49;37;200.0;Maine-et-Loire
2012;Aide à l'achat d'un vélo pliant pour les abonnés annuels travail ou étudiants-èlèves-apprentis;646020;44;38;74.5;Loire-Atlantique
2012;Aide à l'achat d'un vélo pliant pour les abonnés annuels travail ou étudiants-èlèves-apprentis;646212;44;41;57.0;Loire-Atlantique
2012;Aide à l'achat d'un vélo pliant pour les abonnés annuels travail ou étudiants-èlèves-apprentis;646247;44;45;200.0;Loire-Atlantique
2013;Aide à l'achat de vélos pliants pour les abonnés annuels travail ou étudiants-èlèves-apprentis;56638;85;41;124.5;Vendée
2013;Aide à l'achat de vélos pliants pour les abonnés annuels travail ou étudiants-èlèves-apprentis;651615;44;32;167.65;Loire-Atlantique
2013;Aide à l'achat de vélos pliants pour les abonnés annuels travail ou étudiants-èlèves-apprentis;652630;44;49;199.95;Loire-Atlantique
2013;Aide à l'achat de vélos pliants pour les abonnés annuels travail ou étudiants-èlèves-apprentis;653519;85;42;200.0;Vendée
2014;Aide à l'achat de vélos pliants pour les abonnés annuels travail ou étudiants-èlèves-apprentis;145960;53;38;200.0;Mayenne
2014;Aide à l'achat de vélos pliants pour les abonnés annuels travail ou étudiants-èlèves-apprentis;654715;49;24;198.83;Maine-et-Loire
2014;Aide à l'achat de vélos pliants pour les abonnés annuels travail ou étudiants-èlèves-apprentis;657206;72;37;99.97;Sarthe
2014;Aide à l'achat de vélos pliants pour les abonnés annuels travail ou étudiants-èlèves-apprentis;657531;44;41;164.97;Loire-Atlantique
2015;Aide à l'achat de vélos pliants pour les abonnés annuels travail ou étudiants-èlèves-apprentis;661343;49;46;200.0;Maine-et-Loire
2015;Aide à l'achat de vélos pliants pour les abonnés annuels travail ou étudiants-èlèves-apprentis;661344;44;35;199.5;Loire-Atlantique
2015;Aide à l'achat de vélos pliants pour les abonnés annuels travail ou étudiants-èlèves-apprentis;662816;49;30;200.0;Maine-et-Loire
2016;Aide à l'achat de vélos pliants pour les abonnés annuels travail ou étudiants-èlèves-apprentis;164440;44;33;200.0;Loire-Atlantique
2016;Aide à l'achat de vélos pliants pour les abonnés annuels travail ou étudiants-èlèves-apprentis;396434;44;29;169.98;Loire-Atlantique
2016;Aide à l'achat de vélos pliants pour les abonnés annuels travail ou étudiants-èlèves-apprentis;398444;44;30;200.0;Loire-Atlantique
2016;Aide à l'achat de vélos pliants pour les abonnés annuels travail ou étudiants-èlèves-apprentis;665925;44;37;189.5;Loire-Atlantique
2016;Aide à l'achat de vélos pliants pour les abonnés annuels travail ou étudiants-èlèves-apprentis;665974;49;53;185.0;Maine-et-Loire
2016;Aide à l'achat de vélos pliants pour les abonnés annuels travail ou étudiants-èlèves-apprentis;666727;44;50;200.0;Loire-Atlantique
2016;Aide à l'achat de vélos pliants pour les abonnés annuels travail ou étudiants-èlèves-apprentis;667784;44;34;200.0;Loire-Atlantique
2017;Aide à l'achat de vélos pliants pour les abonnés annuels travail ou étudiants-èlèves-apprentis;162951;49;34;200.0;Maine-et-Loire
2017;Aide à l'achat de vélos pliants pour les abonnés annuels travail ou étudiants-èlèves-apprentis;668951;85;49;200.0;Vendée
2017;Aide à l'achat de vélos pliants pour les abonnés annuels travail ou étudiants-èlèves-apprentis;669817;44;30;164.5;Loire-Atlantique
2017;Aide à l'achat de vélos pliants pour les abonnés annuels travail ou étudiants-èlèves-apprentis;672359;44;29;180.0;Loire-Atlantique
2018;Aide à l'achat de vélos pliants pour les abonnés annuels travail ou étudiants-èlèves-apprentis;377363;49;31;200.0;Maine-et-Loire
2018;Aide à l'achat de vélos pliants pour les abonnés annuels travail ou étudiants-èlèves-apprentis;644241;44;35;150.0;Loire-Atlantique
2018;Aide à l'achat de vélos pliants pour les abonnés de travail ou étudiants-apprentis, annuels ou mensuels d'au moins 6 mois;687440;44;33;150.0;Loire-Atlantique
2018;Aide à l'achat de vélos pliants pour les abonnés de travail ou étudiants-apprentis, annuels ou mensuels d'au moins 6 mois;688632;44;47;200.0;Loire-Atlantique
2018;Aide à l'achat de vélos pliants pour les abonnés de travail ou étudiants-apprentis, annuels ou mensuels d'au moins 6 mois;688779;49;31;80.0;Maine-et-Loire
2018;Aide à l'achat de vélos pliants pour les abonnés de travail ou étudiants-apprentis, annuels ou mensuels d'au moins 6 mois;689963;44;29;164.5;Loire-Atlantique
2018;Aide à l'achat de vélos pliants pour les abonnés de travail ou étudiants-apprentis, annuels ou mensuels d'au moins 6 mois;691977;44;56;200.0;Loire-Atlantique
2018;Aide à l'achat de vélos pliants pour les abonnés de travail ou étudiants-apprentis, annuels ou mensuels d'au moins 6 mois;692587;44;47;200.0;Loire-Atlantique
2011;Aide à l'achat de vélos pliants pour les abonnés annuels travail ou étudiants-èlèves-apprentis;243375;49;32;200.0;Maine-et-Loire
2011;Aide à l'achat de vélos pliants pour les abonnés annuels travail ou étudiants-èlèves-apprentis;641280;44;32;179.5;Loire-Atlantique
2011;Aide à l'achat d'un vélo pliant pour les abonnés annuels travail ou étudiants-èlèves-apprentis;641651;49;40;200.0;Maine-et-Loire
2011;Aide à l'achat d'un vélo pliant pour les abonnés annuels travail ou étudiants-èlèves-apprentis;642092;44;40;200.0;Loire-Atlantique
2012;Aide à l'achat de vélos pliants pour les abonnés annuels travail ou étudiants-èlèves-apprentis;648369;49;34;99.98;Maine-et-Loire
2012;aide à l'achat d'un vélo pliant pour les abonnés annuels travail ou étudiants-èlèves-apprentis;644171;44;33;200.0;Loire-Atlantique
2012;aide à l'achat d'un vélo pliant pour les abonnés annuels travail ou étudiants-èlèves-apprentis;644469;49;28;200.0;Maine-et-Loire
2012;Aide à l'achat d'un vélo pliant pour les abonnés annuels travail ou étudiants-èlèves-apprentis;203806;44;28;199.5;Loire-Atlantique
2012;Aide à l'achat d'un vélo pliant pour les abonnés annuels travail ou étudiants-èlèves-apprentis;643556;44;38;134.98;Loire-Atlantique
2012;Aide à l'achat d'un vélo pliant pour les abonnés annuels travail ou étudiants-èlèves-apprentis;644027;49;30;199.5;Maine-et-Loire
2012;Aide à l'achat d'un vélo pliant pour les abonnés annuels travail ou étudiants-èlèves-apprentis;645221;49;51;99.98;Maine-et-Loire
2012;Aide à l'achat d'un vélo pliant pour les abonnés annuels travail ou étudiants-èlèves-apprentis;645710;49;35;149.98;Maine-et-Loire
2012;Aide à l'achat d'un vélo pliant pour les abonnés annuels travail ou étudiants-èlèves-apprentis;646540;44;40;200.0;Loire-Atlantique
2012;Aide à l'achat d'un vélo pliant pour les abonnés annuels travail ou étudiants-èlèves-apprentis;647006;72;48;149.98;Sarthe
2013;Aide à l'achat de vélos pliants pour les abonnés annuels travail ou étudiants-èlèves-apprentis;316790;49;28;149.98;Maine-et-Loire
2013;Aide à l'achat de vélos pliants pour les abonnés annuels travail ou étudiants-èlèves-apprentis;469356;72;26;99.98;Sarthe
2013;Aide à l'achat de vélos pliants pour les abonnés annuels travail ou étudiants-èlèves-apprentis;517164;49;26;200.0;Maine-et-Loire
2013;Aide à l'achat de vélos pliants pour les abonnés annuels travail ou étudiants-èlèves-apprentis;651458;49;37;199.98;Maine-et-Loire
2013;Aide à l'achat de vélos pliants pour les abonnés annuels travail ou étudiants-èlèves-apprentis;652177;44;51;200.0;Loire-Atlantique
2013;Aide à l'achat de vélos pliants pour les abonnés annuels travail ou étudiants-èlèves-apprentis;652759;44;54;200.0;Loire-Atlantique
2014;Aide à l'achat de vélos pliants pour les abonnés annuels travail ou étudiants-èlèves-apprentis;506701;44;32;164.97;Loire-Atlantique
2014;Aide à l'achat de vélos pliants pour les abonnés annuels travail ou étudiants-èlèves-apprentis;656027;49;47;149.97;Maine-et-Loire
2014;Aide à l'achat de vélos pliants pour les abonnés annuels travail ou étudiants-èlèves-apprentis;656264;49;38;149.97;Maine-et-Loire
2014;Aide à l'achat de vélos pliants pour les abonnés annuels travail ou étudiants-èlèves-apprentis;657168;44;40;99.97;Loire-Atlantique
2015;Aide à l'achat de vélos pliants pour les abonnés annuels travail ou étudiants-èlèves-apprentis;659105;44;43;124.98;Loire-Atlantique
2015;Aide à l'achat de vélos pliants pour les abonnés annuels travail ou étudiants-èlèves-apprentis;659899;49;28;119.97;Maine-et-Loire
2015;Aide à l'achat de vélos pliants pour les abonnés annuels travail ou étudiants-èlèves-apprentis;662498;72;31;124.99;Sarthe
2016;Aide à l'achat de vélos pliants pour les abonnés annuels travail ou étudiants-èlèves-apprentis;646661;44;36;149.5;Loire-Atlantique
2016;Aide à l'achat de vélos pliants pour les abonnés annuels travail ou étudiants-èlèves-apprentis;664200;44;28;200.0;Loire-Atlantique
2016;Aide à l'achat de vélos pliants pour les abonnés annuels travail ou étudiants-èlèves-apprentis;665924;85;37;114.99;Vendée
2016;Aide à l'achat de vélos pliants pour les abonnés annuels travail ou étudiants-èlèves-apprentis;666076;44;47;114.99;Loire-Atlantique
2016;Aide à l'achat de vélos pliants pour les abonnés annuels travail ou étudiants-èlèves-apprentis;666426;49;37;192.5;Maine-et-Loire
2017;Aide à l'achat de vélos pliants pour les abonnés annuels travail ou étudiants-èlèves-apprentis;386687;44;31;149.99;Loire-Atlantique
2017;Aide à l'achat de vélos pliants pour les abonnés annuels travail ou étudiants-èlèves-apprentis;476787;72;38;200.0;Sarthe
2017;Aide à l'achat de vélos pliants pour les abonnés annuels travail ou étudiants-èlèves-apprentis;667722;53;19;79.99;Mayenne
2017;Aide à l'achat de vélos pliants pour les abonnés annuels travail ou étudiants-èlèves-apprentis;670744;49;30;174.99;Maine-et-Loire
2018;Aide à l'achat de vélos pliants pour les abonnés annuels travail ou étudiants-èlèves-apprentis;674300;85;36;200.0;Vendée
2018;Aide à l'achat de vélos pliants pour les abonnés de travail ou étudiants-apprentis, annuels ou mensuels d'au moins 6 mois;527245;44;29;79.5;Loire-Atlantique
2018;Aide à l'achat de vélos pliants pour les abonnés de travail ou étudiants-apprentis, annuels ou mensuels d'au moins 6 mois;687344;49;43;200.0;Maine-et-Loire
2018;Aide à l'achat de vélos pliants pour les abonnés de travail ou étudiants-apprentis, annuels ou mensuels d'au moins 6 mois;689383;49;28;150.0;Maine-et-Loire
2018;Aide à l'achat de vélos pliants pour les abonnés de travail ou étudiants-apprentis, annuels ou mensuels d'au moins 6 mois;692971;49;43;200.0;Maine-et-Loire
2011;Aide à l'achat de vélos pliants pour les abonnés annuels travail ou étudiants-èlèves-apprentis;641318;85;34;200.0;Vendée
2011;l'achat d'un vélo pliant pour les abonnés annuels travail ou étudiants-èlèves-apprentis;641464;49;33;100.0;Maine-et-Loire
2012;aide à l'achat d'un vélo pliant pour les abonnés annuels travail ou étudiants-èlèves-apprentis;644157;44;50;200.0;Loire-Atlantique
2012;aide à l'achat d'un vélo pliant pour les abonnés annuels travail ou étudiants-èlèves-apprentis;644480;85;41;99.5;Vendée
2012;Aide à l'achat d'un vélo pliant pour les abonnés annuels travail ou étudiants-èlèves-apprentis;522928;44;24;140.0;Loire-Atlantique
2012;Aide à l'achat d'un vélo pliant pour les abonnés annuels travail ou étudiants-èlèves-apprentis;643176;72;30;200.0;Sarthe
2012;Aide à l'achat d'un vélo pliant pour les abonnés annuels travail ou étudiants-èlèves-apprentis;645494;44;61;149.5;Loire-Atlantique
2012;Aide à l'achat d'un vélo pliant pour les abonnés annuels travail ou étudiants-èlèves-apprentis;646078;85;30;200.0;Vendée
2012;Aide à l'achat d'un vélo pliant pour les abonnés annuels travail ou étudiants-èlèves-apprentis;93103;44;29;149.98;Loire-Atlantique
2013;Aide à l'achat de vélos pliants pour les abonnés annuels travail ou étudiants-èlèves-apprentis;652385;44;36;104.5;Loire-Atlantique
2013;Aide à l'achat de vélos pliants pour les abonnés annuels travail ou étudiants-èlèves-apprentis;652461;49;30;200.0;Maine-et-Loire
2013;Aide à l'achat de vélos pliants pour les abonnés annuels travail ou étudiants-èlèves-apprentis;652760;44;54;200.0;Loire-Atlantique
2013;Aide à l'achat de vélos pliants pour les abonnés annuels travail ou étudiants-èlèves-apprentis;652782;53;56;99.98;Mayenne
2014;Aide à l'achat de vélos pliants pour les abonnés annuels travail ou étudiants-èlèves-apprentis;542222;72;25;79.98;Sarthe
2014;Aide à l'achat de vélos pliants pour les abonnés annuels travail ou étudiants-èlèves-apprentis;654862;72;41;200.0;Sarthe
2014;Aide à l'achat de vélos pliants pour les abonnés annuels travail ou étudiants-èlèves-apprentis;655896;49;23;99.97;Maine-et-Loire
2014;Aide à l'achat de vélos pliants pour les abonnés annuels travail ou étudiants-èlèves-apprentis;657512;49;37;200.0;Maine-et-Loire
2014;Aide à l'achat de vélos pliants pour les abonnés annuels travail ou étudiants-èlèves-apprentis;657655;44;17;200.0;Loire-Atlantique
2015;Aide à l'achat de vélos pliants pour les abonnés annuels travail ou étudiants-èlèves-apprentis;662225;85;45;149.97;Vendée
2015;Aide à l'achat de vélos pliants pour les abonnés annuels travail ou étudiants-èlèves-apprentis;662226;44;36;200.0;Loire-Atlantique
2015;Aide à l'achat de vélos pliants pour les abonnés annuels travail ou étudiants-èlèves-apprentis;662458;49;39;149.97;Maine-et-Loire
2016;Aide à l'achat de vélos pliants pour les abonnés annuels travail ou étudiants-èlèves-apprentis;663308;44;26;200.0;Loire-Atlantique
2016;Aide à l'achat de vélos pliants pour les abonnés annuels travail ou étudiants-èlèves-apprentis;665855;44;29;200.0;Loire-Atlantique
2016;Aide à l'achat de vélos pliants pour les abonnés annuels travail ou étudiants-èlèves-apprentis;666365;72;47;200.0;Sarthe
2016;Aide à l'achat de vélos pliants pour les abonnés annuels travail ou étudiants-èlèves-apprentis;666368;49;47;200.0;Maine-et-Loire
2017;Aide à l'achat de vélos pliants pour les abonnés annuels travail ou étudiants-èlèves-apprentis;515260;49;39;200.0;Maine-et-Loire
2017;Aide à l'achat de vélos pliants pour les abonnés annuels travail ou étudiants-èlèves-apprentis;632028;85;43;200.0;Vendée
2017;Aide à l'achat de vélos pliants pour les abonnés annuels travail ou étudiants-èlèves-apprentis;670347;44;46;200.0;Loire-Atlantique
2017;Aide à l'achat de vélos pliants pour les abonnés annuels travail ou étudiants-èlèves-apprentis;671099;85;51;200.0;Vendée
2017;Aide à l'achat de vélos pliants pour les abonnés annuels travail ou étudiants-èlèves-apprentis;671800;49;35;150.0;Maine-et-Loire
2017;Aide à l'achat de vélos pliants pour les abonnés annuels travail ou étudiants-èlèves-apprentis;672411;49;23;150.0;Maine-et-Loire
2018;Aide à l'achat de vélos pliants pour les abonnés de travail ou étudiants-apprentis, annuels ou mensuels d'au moins 6 mois;268515;44;39;125.0;Loire-Atlantique
2018;Aide à l'achat de vélos pliants pour les abonnés de travail ou étudiants-apprentis, annuels ou mensuels d'au moins 6 mois;432223;72;32;101.55;Sarthe
2018;Aide à l'achat de vélos pliants pour les abonnés de travail ou étudiants-apprentis, annuels ou mensuels d'au moins 6 mois;687345;44;54;200.0;Loire-Atlantique
2018;Aide à l'achat de vélos pliants pour les abonnés de travail ou étudiants-apprentis, annuels ou mensuels d'au moins 6 mois;687852;72;45;200.0;Sarthe
2018;Aide à l'achat de vélos pliants pour les abonnés de travail ou étudiants-apprentis, annuels ou mensuels d'au moins 6 mois;688628;49;25;150.0;Maine-et-Loire
2018;Aide à l'achat de vélos pliants pour les abonnés de travail ou étudiants-apprentis, annuels ou mensuels d'au moins 6 mois;689763;44;52;115.0;Loire-Atlantique
2018;Aide à l'achat de vélos pliants pour les abonnés de travail ou étudiants-apprentis, annuels ou mensuels d'au moins 6 mois;690074;53;47;200.0;Mayenne
2018;Aide à l'achat de vélos pliants pour les abonnés de travail ou étudiants-apprentis, annuels ou mensuels d'au moins 6 mois;691403;44;43;200.0;Loire-Atlantique
2018;Aide à l'achat de vélos pliants pour les abonnés de travail ou étudiants-apprentis, annuels ou mensuels d'au moins 6 mois;691986;72;34;115.0;Sarthe
2011;Aide à l'achat de vélos pliants pour les abonnés annuels travail ou étudiants-èlèves-apprentis;641131;44;30;200.0;Loire-Atlantique
2011;Aide à l'achat de vélos pliants pour les abonnés annuels travail ou étudiants-èlèves-apprentis;641289;44;43;149.98;Loire-Atlantique
2011;Aide à l'achat d'un vélo pliant pour les abonnés annuels travail ou étudiants-èlèves-apprentis;230354;49;31;149.98;Maine-et-Loire
2012;Aide à l'achat d'un vélo pliant pour les abonnés annuels travail ou étudiants-èlèves-apprentis;643447;49;49;49.5;Maine-et-Loire
2012;Aide à l'achat d'un vélo pliant pour les abonnés annuels travail ou étudiants-èlèves-apprentis;643910;44;55;200.0;Loire-Atlantique
2012;Aide à l'achat d'un vélo pliant pour les abonnés annuels travail ou étudiants-èlèves-apprentis;645232;44;29;149.98;Loire-Atlantique
2012;Aide à l'achat d'un vélo pliant pour les abonnés annuels travail ou étudiants-èlèves-apprentis;646867;44;24;200.0;Loire-Atlantique
2013;Aide à l'achat de vélos pliants pour les abonnés annuels travail ou étudiants-èlèves-apprentis;422178;49;35;74.98;Maine-et-Loire
2013;Aide à l'achat de vélos pliants pour les abonnés annuels travail ou étudiants-èlèves-apprentis;651566;44;29;200.0;Loire-Atlantique
2013;Aide à l'achat de vélos pliants pour les abonnés annuels travail ou étudiants-èlèves-apprentis;651567;44;33;200.0;Loire-Atlantique
2013;Aide à l'achat de vélos pliants pour les abonnés annuels travail ou étudiants-èlèves-apprentis;651805;44;52;200.0;Loire-Atlantique
2013;Aide à l'achat de vélos pliants pour les abonnés annuels travail ou étudiants-èlèves-apprentis;652384;44;32;200.0;Loire-Atlantique
2014;Aide à l'achat de vélos pliants pour les abonnés annuels travail ou étudiants-èlèves-apprentis;654945;44;47;200.0;Loire-Atlantique
2014;Aide à l'achat de vélos pliants pour les abonnés annuels travail ou étudiants-èlèves-apprentis;655250;49;42;184.95;Maine-et-Loire
2014;Aide à l'achat de vélos pliants pour les abonnés annuels travail ou étudiants-èlèves-apprentis;656110;49;40;200.0;Maine-et-Loire
2014;Aide à l'achat de vélos pliants pour les abonnés annuels travail ou étudiants-èlèves-apprentis;657023;72;53;200.0;Sarthe
2014;Aide à l'achat de vélos pliants pour les abonnés annuels travail ou étudiants-èlèves-apprentis;657945;44;35;149.97;Loire-Atlantique
2015;Aide à l'achat de vélos pliants pour les abonnés annuels travail ou étudiants-èlèves-apprentis;225027;44;59;200.0;Loire-Atlantique
2015;Aide à l'achat de vélos pliants pour les abonnés annuels travail ou étudiants-èlèves-apprentis;661782;44;28;79.98;Loire-Atlantique
2015;Aide à l'achat de vélos pliants pour les abonnés annuels travail ou étudiants-èlèves-apprentis;661786;49;29;200.0;Maine-et-Loire
2015;Aide à l'achat de vélos pliants pour les abonnés annuels travail ou étudiants-èlèves-apprentis;662241;49;32;134.97;Maine-et-Loire
2016;Aide à l'achat de vélos pliants pour les abonnés annuels travail ou étudiants-èlèves-apprentis;663305;44;29;134.5;Loire-Atlantique
2016;Aide à l'achat de vélos pliants pour les abonnés annuels travail ou étudiants-èlèves-apprentis;664155;72;27;139.5;Sarthe
2016;Aide à l'achat de vélos pliants pour les abonnés annuels travail ou étudiants-èlèves-apprentis;667226;44;30;200.0;Loire-Atlantique
2017;Aide à l'achat de vélos pliants pour les abonnés annuels travail ou étudiants-èlèves-apprentis;169377;49;34;199.99;Maine-et-Loire
2017;Aide à l'achat de vélos pliants pour les abonnés annuels travail ou étudiants-èlèves-apprentis;669722;85;27;149.99;Vendée
2017;Aide à l'achat de vélos pliants pour les abonnés annuels travail ou étudiants-èlèves-apprentis;670348;44;40;200.0;Loire-Atlantique
2017;Aide à l'achat de vélos pliants pour les abonnés annuels travail ou étudiants-èlèves-apprentis;670742;49;28;200.0;Maine-et-Loire
2018;Aide à l'achat de vélos pliants pour les abonnés annuels travail ou étudiants-èlèves-apprentis;674293;49;42;200.0;Maine-et-Loire
2018;Aide à l'achat de vélos pliants pour les abonnés de travail ou étudiants-apprentis, annuels ou mensuels d'au moins 6 mois;691405;85;50;200.0;Vendée
2012;Aide à l'achat de vélos pliants pour les abonnés annuels travail ou étudiants-èlèves-apprentis;648053;44;42;103.5;Loire-Atlantique
2012;Aide à l'achat d'un vélo pliant pour les abonnés annuels travail ou étudiants-èlèves-apprentis;229900;44;60;149.98;Loire-Atlantique
2012;Aide à l'achat d'un vélo pliant pour les abonnés annuels travail ou étudiants-èlèves-apprentis;312370;44;32;149.98;Loire-Atlantique
2012;Aide à l'achat d'un vélo pliant pour les abonnés annuels travail ou étudiants-èlèves-apprentis;643446;44;37;74.98;Loire-Atlantique
2012;Aide à l'achat d'un vélo pliant pour les abonnés annuels travail ou étudiants-èlèves-apprentis;643777;72;61;200.0;Sarthe
2012;Aide à l'achat d'un vélo pliant pour les abonnés annuels travail ou étudiants-èlèves-apprentis;646241;49;30;155.45;Maine-et-Loire
2012;Aide à l'achat d'un vélo pliant pour les abonnés annuels travail ou étudiants-èlèves-apprentis;646564;44;44;200.0;Loire-Atlantique
2013;Aide à l'achat de vélos pliants pour les abonnés annuels travail ou étudiants-èlèves-apprentis;148142;72;38;200.0;Sarthe
2013;Aide à l'achat de vélos pliants pour les abonnés annuels travail ou étudiants-èlèves-apprentis;208020;44;28;200.0;Loire-Atlantique
2013;Aide à l'achat de vélos pliants pour les abonnés annuels travail ou étudiants-èlèves-apprentis;651333;44;24;99.98;Loire-Atlantique
2013;Aide à l'achat de vélos pliants pour les abonnés annuels travail ou étudiants-èlèves-apprentis;651334;85;32;99.98;Vendée
2013;Aide à l'achat de vélos pliants pour les abonnés annuels travail ou étudiants-èlèves-apprentis;651820;49;49;74.98;Maine-et-Loire
2014;Aide à l'achat de vélos pliants pour les abonnés annuels travail ou étudiants-èlèves-apprentis;200238;72;31;200.0;Sarthe
2014;Aide à l'achat de vélos pliants pour les abonnés annuels travail ou étudiants-èlèves-apprentis;612794;44;30;145.97;Loire-Atlantique
2014;Aide à l'achat de vélos pliants pour les abonnés annuels travail ou étudiants-èlèves-apprentis;654618;44;16;99.98;Loire-Atlantique
2014;Aide à l'achat de vélos pliants pour les abonnés annuels travail ou étudiants-èlèves-apprentis;655719;44;33;200.0;Loire-Atlantique
2015;Aide à l'achat de vélos pliants pour les abonnés annuels travail ou étudiants-èlèves-apprentis;471320;85;28;99.5;Vendée
2015;Aide à l'achat de vélos pliants pour les abonnés annuels travail ou étudiants-èlèves-apprentis;659994;44;35;200.0;Loire-Atlantique
2015;Aide à l'achat de vélos pliants pour les abonnés annuels travail ou étudiants-èlèves-apprentis;660408;72;35;59.98;Sarthe
2015;Aide à l'achat de vélos pliants pour les abonnés annuels travail ou étudiants-èlèves-apprentis;661461;85;52;79.5;Vendée
2016;Aide à l'achat de vélos pliants pour les abonnés annuels travail ou étudiants-èlèves-apprentis;663307;44;38;200.0;Loire-Atlantique
2016;Aide à l'achat de vélos pliants pour les abonnés annuels travail ou étudiants-èlèves-apprentis;664460;49;23;149.99;Maine-et-Loire
2016;Aide à l'achat de vélos pliants pour les abonnés annuels travail ou étudiants-èlèves-apprentis;667524;49;58;200.0;Maine-et-Loire
2017;Aide à l'achat de vélos pliants pour les abonnés annuels travail ou étudiants-èlèves-apprentis;533728;44;28;150.99;Loire-Atlantique
2017;Aide à l'achat de vélos pliants pour les abonnés annuels travail ou étudiants-èlèves-apprentis;668578;44;34;200.0;Loire-Atlantique
2017;Aide à l'achat de vélos pliants pour les abonnés annuels travail ou étudiants-èlèves-apprentis;669142;44;25;99.99;Loire-Atlantique
2017;Aide à l'achat de vélos pliants pour les abonnés annuels travail ou étudiants-èlèves-apprentis;670745;44;34;200.0;Loire-Atlantique
2017;Aide à l'achat de vélos pliants pour les abonnés annuels travail ou étudiants-èlèves-apprentis;670926;44;33;142.85;Loire-Atlantique
2017;Aide à l'achat de vélos pliants pour les abonnés annuels travail ou étudiants-èlèves-apprentis;671546;44;48;200.0;Loire-Atlantique
2017;Aide à l'achat de vélos pliants pour les abonnés annuels travail ou étudiants-èlèves-apprentis;671552;44;21;84.99;Loire-Atlantique
2017;Aide à l'achat de vélos pliants pour les abonnés annuels travail ou étudiants-èlèves-apprentis;672124;49;36;200.0;Maine-et-Loire
2017;Aide à l'achat de vélos pliants pour les abonnés annuels travail ou étudiants-èlèves-apprentis;672328;44;15;124.5;Loire-Atlantique
2017;Aide à l'achat de vélos pliants pour les abonnés annuels travail ou étudiants-èlèves-apprentis;672783;44;38;150.0;Loire-Atlantique
2017;Aide à l'achat de vélos pliants pour les abonnés annuels travail ou étudiants-èlèves-apprentis;672784;44;38;200.0;Loire-Atlantique
2018;Aide à l'achat de vélos pliants pour les abonnés annuels travail ou étudiants-èlèves-apprentis;687441;44;41;80.0;Loire-Atlantique
2018;Aide à l'achat de vélos pliants pour les abonnés de travail ou étudiants-apprentis, annuels ou mensuels d'au moins 6 mois;648737;44;34;150.0;Loire-Atlantique
2018;Aide à l'achat de vélos pliants pour les abonnés de travail ou étudiants-apprentis, annuels ou mensuels d'au moins 6 mois;687854;44;34;180.0;Loire-Atlantique
2018;Aide à l'achat de vélos pliants pour les abonnés de travail ou étudiants-apprentis, annuels ou mensuels d'au moins 6 mois;688778;44;31;200.0;Loire-Atlantique
2018;Aide à l'achat de vélos pliants pour les abonnés de travail ou étudiants-apprentis, annuels ou mensuels d'au moins 6 mois;688883;53;27;59.95;Mayenne
2018;Aide à l'achat de vélos pliants pour les abonnés de travail ou étudiants-apprentis, annuels ou mensuels d'au moins 6 mois;690748;49;26;200.0;Maine-et-Loire
2018;Aide à l'achat de vélos pliants pour les abonnés de travail ou étudiants-apprentis, annuels ou mensuels d'au moins 6 mois;691404;72;36;99.5;Sarthe
2011;Aide à l'achat de vélos pliants pour les abonnés annuels travail ou étudiants-èlèves-apprentis;641359;85;38;149.98;Vendée
2012;aide à l'achat d'un vélo pliant pour les abonnés annuels travail ou étudiants-èlèves-apprentis;644553;44;54;139.5;Loire-Atlantique
2012;Aide à l'achat d'un vélo pliant pour les abonnés annuels travail ou étudiants-èlèves-apprentis;643578;85;55;200.0;Vendée
2012;Aide à l'achat d'un vélo pliant pour les abonnés annuels travail ou étudiants-èlèves-apprentis;646242;49;52;189.5;Maine-et-Loire
2012;Aide à l'achat d'un vélo pliant pour les abonnés annuels travail ou étudiants-èlèves-apprentis;646840;44;25;57.0;Loire-Atlantique
2012;Aide à l'achat d'un vélo pliant pour les abonnés annuels travail ou étudiants-èlèves-apprentis;646924;44;43;200.0;Loire-Atlantique
2012;Aide à l'achat d'un vélo pliant pour les abonnés annuels travail ou étudiants-èlèves-apprentis;81115;53;32;74.5;Mayenne
2013;Aide à l'achat de vélos pliants pour les abonnés annuels travail ou étudiants-èlèves-apprentis;651900;44;36;168.5;Loire-Atlantique
2013;Aide à l'achat de vélos pliants pour les abonnés annuels travail ou étudiants-èlèves-apprentis;652679;44;51;200.0;Loire-Atlantique
2013;Aide à l'achat de vélos pliants pour les abonnés annuels travail ou étudiants-èlèves-apprentis;652941;49;32;199.98;Maine-et-Loire
2014;Aide à l'achat de vélos pliants pour les abonnés annuels travail ou étudiants-èlèves-apprentis;655157;85;23;184.95;Vendée
2014;Aide à l'achat de vélos pliants pour les abonnés annuels travail ou étudiants-èlèves-apprentis;655249;72;47;149.98;Sarthe
2014;Aide à l'achat de vélos pliants pour les abonnés annuels travail ou étudiants-èlèves-apprentis;657511;53;31;200.0;Mayenne
2014;Aide à l'achat de vélos pliants pour les abonnés annuels travail ou étudiants-èlèves-apprentis;657513;44;23;174.97;Loire-Atlantique
2015;Aide à l'achat de vélos pliants pour les abonnés annuels travail ou étudiants-èlèves-apprentis;658610;44;41;200.0;Loire-Atlantique
2015;Aide à l'achat de vélos pliants pour les abonnés annuels travail ou étudiants-èlèves-apprentis;658612;44;49;149.97;Loire-Atlantique
2016;Aide à l'achat de vélos pliants pour les abonnés annuels travail ou étudiants-èlèves-apprentis;663306;44;33;200.0;Loire-Atlantique
2016;Aide à l'achat de vélos pliants pour les abonnés annuels travail ou étudiants-èlèves-apprentis;665042;49;48;200.0;Maine-et-Loire
2017;Aide à l'achat de vélos pliants pour les abonnés annuels travail ou étudiants-èlèves-apprentis;668379;44;32;104.5;Loire-Atlantique
2017;Aide à l'achat de vélos pliants pour les abonnés annuels travail ou étudiants-èlèves-apprentis;670743;49;52;99.99;Maine-et-Loire
2017;Aide à l'achat de vélos pliants pour les abonnés annuels travail ou étudiants-èlèves-apprentis;671088;44;42;200.0;Loire-Atlantique
2017;Aide à l'achat de vélos pliants pour les abonnés annuels travail ou étudiants-èlèves-apprentis;671118;49;36;200.0;Maine-et-Loire
2017;Aide à l'achat de vélos pliants pour les abonnés annuels travail ou étudiants-èlèves-apprentis;671542;85;50;192.5;Vendée
2018;Aide à l'achat de vélos pliants pour les abonnés annuels travail ou étudiants-èlèves-apprentis;674299;49;33;200.0;Maine-et-Loire
2018;Aide à l'achat de vélos pliants pour les abonnés de travail ou étudiants-apprentis, annuels ou mensuels d'au moins 6 mois;376463;85;31;183.6;Vendée
2018;Aide à l'achat de vélos pliants pour les abonnés de travail ou étudiants-apprentis, annuels ou mensuels d'au moins 6 mois;571178;72;30;150.0;Sarthe
2018;Aide à l'achat de vélos pliants pour les abonnés de travail ou étudiants-apprentis, annuels ou mensuels d'au moins 6 mois;687757;49;36;150.0;Maine-et-Loire
2018;Aide à l'achat de vélos pliants pour les abonnés de travail ou étudiants-apprentis, annuels ou mensuels d'au moins 6 mois;690075;44;37;99.5;Loire-Atlantique
2018;Aide à l'achat de vélos pliants pour les abonnés de travail ou étudiants-apprentis, annuels ou mensuels d'au moins 6 mois;691566;49;37;200.0;Maine-et-Loire
2018;Aide à l'achat de vélos pliants pour les abonnés de travail ou étudiants-apprentis, annuels ou mensuels d'au moins 6 mois;692968;44;26;59.5;Loire-Atlantique
2012;aide à l'achat d'un vélo pliant pour les abonnés annuels travail ou étudiants-èlèves-apprentis;644552;44;46;189.5;Loire-Atlantique
2012;Aide à l'achat d'un vélo pliant pour les abonnés annuels travail ou étudiants-èlèves-apprentis;386167;72;26;149.98;Sarthe
2012;Aide à l'achat d'un vélo pliant pour les abonnés annuels travail ou étudiants-èlèves-apprentis;645220;85;52;200.0;Vendée
2012;Aide à l'achat d'un vélo pliant pour les abonnés annuels travail ou étudiants-èlèves-apprentis;645844;72;39;57.0;Sarthe
2012;Aide à l'achat d'un vélo pliant pour les abonnés annuels travail ou étudiants-èlèves-apprentis;646431;44;50;200.0;Loire-Atlantique
2013;Aide à l'achat de vélos pliants pour les abonnés annuels travail ou étudiants-èlèves-apprentis;651457;44;33;74.98;Loire-Atlantique
2013;Aide à l'achat de vélos pliants pour les abonnés annuels travail ou étudiants-èlèves-apprentis;651868;72;20;200.0;Sarthe
2013;Aide à l'achat de vélos pliants pour les abonnés annuels travail ou étudiants-èlèves-apprentis;651954;44;29;199.98;Loire-Atlantique
2013;Aide à l'achat de vélos pliants pour les abonnés annuels travail ou étudiants-èlèves-apprentis;651955;44;29;199.98;Loire-Atlantique
2013;Aide à l'achat de vélos pliants pour les abonnés annuels travail ou étudiants-èlèves-apprentis;652623;44;52;149.98;Loire-Atlantique
2013;Aide à l'achat de vélos pliants pour les abonnés annuels travail ou étudiants-èlèves-apprentis;653518;72;32;200.0;Sarthe
2014;Aide à l'achat de vélos pliants pour les abonnés annuels travail ou étudiants-èlèves-apprentis;170746;49;32;182.5;Maine-et-Loire
2015;Aide à l'achat de vélos pliants pour les abonnés annuels travail ou étudiants-èlèves-apprentis;440334;72;27;200.0;Sarthe
2015;Aide à l'achat de vélos pliants pour les abonnés annuels travail ou étudiants-èlèves-apprentis;660507;72;49;99.98;Sarthe
2015;Aide à l'achat de vélos pliants pour les abonnés annuels travail ou étudiants-èlèves-apprentis;661785;44;34;129.5;Loire-Atlantique
2015;Aide à l'achat de vélos pliants pour les abonnés annuels travail ou étudiants-èlèves-apprentis;662632;44;49;149.5;Loire-Atlantique
2016;Aide à l'achat de vélos pliants pour les abonnés annuels travail ou étudiants-èlèves-apprentis;667225;44;43;200.0;Loire-Atlantique
2016;Aide à l'achat de vélos pliants pour les abonnés annuels travail ou étudiants-èlèves-apprentis;667579;72;35;200.0;Sarthe
2017;Aide à l'achat de vélos pliants pour les abonnés annuels travail ou étudiants-èlèves-apprentis;167937;44;33;199.5;Loire-Atlantique
2017;Aide à l'achat de vélos pliants pour les abonnés annuels travail ou étudiants-èlèves-apprentis;669067;49;49;200.0;Maine-et-Loire
2017;Aide à l'achat de vélos pliants pour les abonnés annuels travail ou étudiants-èlèves-apprentis;669636;85;19;149.99;Vendée
2017;Aide à l'achat de vélos pliants pour les abonnés annuels travail ou étudiants-èlèves-apprentis;671545;49;39;149.99;Maine-et-Loire
2018;Aide à l'achat de vélos pliants pour les abonnés de travail ou étudiants-apprentis, annuels ou mensuels d'au moins 6 mois;688093;44;30;89.5;Loire-Atlantique
2018;Aide à l'achat de vélos pliants pour les abonnés de travail ou étudiants-apprentis, annuels ou mensuels d'au moins 6 mois;690539;44;32;134.5;Loire-Atlantique
2018;Aide à l'achat de vélos pliants pour les abonnés de travail ou étudiants-apprentis, annuels ou mensuels d'au moins 6 mois;692588;49;29;200.0;Maine-et-Loire
