Actions;Missions;Programmes;Politiques;AP_Millésime;Section;Montant des CP - BP 2018;Montant des CP - BS 2018;Montant des CP - DM 2018;Montant total des CP
Action 7 : des politiques régionales mieux évaluées et plus économes;Mission 3 : le combat pour l’efficacité régionale;Emprunt - Opérations courantes Banques;Direction des Finances et Commande Publique;2006.0;Investissement;86983000.0;0.0;0.0;86983000.0
Action 7 : des politiques régionales mieux évaluées et plus économes;Mission 3 : le combat pour l’efficacité régionale;Etudes et évaluation des politiques publiques;Administration générale;2016.0;Fonctionnement;215000.0;0.0;0.0;215000.0
Action 5 : agir au plus près des habitants;Mission 2 : le combat pour l’équité territoriale;Equipements structurants d'intérêt régional;Direction Culture, Sport, Associations;2016.0;Investissement;4170830.0;0.0;0.0;4170830.0
Action 3 : faire de la formation la garantie des emplois de demain;Mission 1 : le combat pour l’emploi local;Région - Formation  - Visa sanitaire;Direction de l'Emploi et de la Formation Professionnelle;2011.0;Fonctionnement;80000.0;0.0;0.0;80000.0
Action 3 : faire de la formation la garantie des emplois de demain;Mission 1 : le combat pour l’emploi local;Travaux dans les E.P.L.E.;Direction du Patrimoine Immobilier;2016.0;Fonctionnement;400000.0;0.0;0.0;400000.0
Action 2 : faire des grandes mutations un moteur de production;Mission 1 : le combat pour l’emploi local;Pêche maritime;Agriculture, pêche et agroalimentaire;2016.0;Fonctionnement;10000.0;0.0;0.0;10000.0
Action 4 : développer les infrastructures et les réseaux de demain;Mission 2 : le combat pour l’équité territoriale;transports au titre Loi Notre Transports scolaires CD72;Transports et mobilités;2006.0;Fonctionnement;20993347.0;0.0;0.0;20993347.0
Action 5 : agir au plus près des habitants;Mission 2 : le combat pour l’équité territoriale;Economie de proximité et relations agriculture, alimentation et territoire;Agriculture, pêche et agroalimentaire;2016.0;Fonctionnement;1200000.0;0.0;0.0;1200000.0
Action 5 : agir au plus près des habitants;Mission 2 : le combat pour l’équité territoriale;Soutien aux partenaires sociaux;Administration générale;2016.0;Fonctionnement;148200.0;0.0;0.0;148200.0
Action 2 : faire des grandes mutations un moteur de production;Mission 1 : le combat pour l’emploi local;Aquaculture;Agriculture, pêche et agroalimentaire;2016.0;Investissement;676734.0;0.0;0.0;676734.0
Action 6 : renforcer notre qualité de vie;Mission 2 : le combat pour l’équité territoriale;Eau et Loire;Transition énergétique et environnement;2016.0;Fonctionnement;634440.0;0.0;0.0;634440.0
Action 6 : renforcer notre qualité de vie;Mission 2 : le combat pour l’équité territoriale;Arts visuels;Direction Culture, Sport, Associations;2011.0;Fonctionnement;1713.0;0.0;0.0;1713.0
Action 8 : des agents mieux accompagnés et mieux valorisés;Mission 3 : le combat pour l’efficacité régionale;Masse salariale finances Prestations sociales EPLE;Direction des ressources humaines;2006.0;Fonctionnement;297000.0;0.0;0.0;297000.0
Action 9 : une administration plus innovante;Mission 3 : le combat pour l’efficacité régionale;Schéma Directeur Numérique 2017-2021;Transformation Numérique;2016.0;Investissement;2713941.0;0.0;0.0;2713941.0
Action 7 : des politiques régionales mieux évaluées et plus économes;Mission 3 : le combat pour l’efficacité régionale;Administration générale Conseil juridique;Affaires juridiques et assemblées;2006.0;Investissement;10000.0;0.0;0.0;10000.0
Action 3 : faire de la formation la garantie des emplois de demain;Mission 1 : le combat pour l’emploi local;Subventions d'investissement aux établissements privés sous contrat d'association;Direction des Lycées;2016.0;Investissement;17534117.0;5000000.0;0.0;22534117.0
Action 3 : faire de la formation la garantie des emplois de demain;Mission 1 : le combat pour l’emploi local;Plan d'entretien et de maintenance dans les lycées;Direction du Patrimoine Immobilier;2016.0;Investissement;1850000.0;0.0;0.0;1850000.0
Action 8 : des agents mieux accompagnés et mieux valorisés;Mission 3 : le combat pour l’efficacité régionale;Masse salariale complémentaire Masse salariale comp EPLE;Direction des ressources humaines;2006.0;Fonctionnement;269280.0;0.0;-30000.0;239280.0
Action 8 : des agents mieux accompagnés et mieux valorisés;Mission 3 : le combat pour l’efficacité régionale;Dép gestion,form,prest soc Formation Siège;Direction des ressources humaines;2006.0;Fonctionnement;306900.0;65000.0;80000.0;451900.0
Action 7 : des politiques régionales mieux évaluées et plus économes;Mission 3 : le combat pour l’efficacité régionale;Evènements Divers évènements;Direction de la Communication;2006.0;Fonctionnement;470000.0;0.0;0.0;470000.0
Action 7 : des politiques régionales mieux évaluées et plus économes;Mission 3 : le combat pour l’efficacité régionale;Stratégie Conseil;Direction de la Communication;2006.0;Fonctionnement;30000.0;0.0;0.0;30000.0
Action 1 : faire émerger les PME du futur;Mission 1 : le combat pour l’emploi local;Appui à la performance - Aide au conseil;Entreprises et innovation;2016.0;Investissement;2006718.0;0.0;0.0;2006718.0
Action 2 : faire des grandes mutations un moteur de production;Mission 1 : le combat pour l’emploi local;Axe4 FEDER -Transition énergétique;Direction des politiques européennes;2014.0;Investissement;12500000.0;0.0;-7105773.0;5394227.0
Action 5 : agir au plus près des habitants;Mission 2 : le combat pour l’équité territoriale;Equipements et partenariats institutionnels sportifs;Direction Culture, Sport, Associations;2011.0;Investissement;45600.0;0.0;0.0;45600.0
Action 2 : faire des grandes mutations un moteur de production;Mission 1 : le combat pour l’emploi local;Logement et efficacité énergétique;Transition énergétique et environnement;2016.0;Fonctionnement;691170.0;0.0;0.0;691170.0
Action 3 : faire de la formation la garantie des emplois de demain;Mission 1 : le combat pour l’emploi local;RÉGION FORMATION - VISA;Direction de l'Emploi et de la Formation Professionnelle;2016.0;Fonctionnement;46805000.0;3523573.0;-3000000.0;47328573.0
Action 6 : renforcer notre qualité de vie;Mission 2 : le combat pour l’équité territoriale;Gestion de l'eau dans les bassins versants;Transition énergétique et environnement;2011.0;Investissement;1265000.0;0.0;0.0;1265000.0
Action 3 : faire de la formation la garantie des emplois de demain;Mission 1 : le combat pour l’emploi local;Région Formation - Visa sanitaire et social;Direction de l'Emploi et de la Formation Professionnelle;2016.0;Fonctionnement;41977838.0;0.0;0.0;41977838.0
Action 4 : développer les infrastructures et les réseaux de demain;Mission 2 : le combat pour l’équité territoriale;CERProgrammes complémentaires;Transports et mobilités;2006.0;Investissement;1301841.0;-974241.0;0.0;327600.0
Action 4 : développer les infrastructures et les réseaux de demain;Mission 2 : le combat pour l’équité territoriale;Aménagement numérique;Aménagement Numérique;2016.0;Fonctionnement;190000.0;10000.0;0.0;200000.0
Action 5 : agir au plus près des habitants;Mission 2 : le combat pour l’équité territoriale;Equipements et partenariats institutionnels sportifs;Direction Culture, Sport, Associations;2016.0;Investissement;786400.0;0.0;0.0;786400.0
Action 6 : renforcer notre qualité de vie;Mission 2 : le combat pour l’équité territoriale;Actions musicales structurantes;Direction Culture, Sport, Associations;2016.0;Fonctionnement;5135000.0;101371.0;0.0;5236371.0
Action 5 : agir au plus près des habitants;Mission 2 : le combat pour l’équité territoriale;Développement et animation des territoires;Territoires et ruralité;2011.0;Investissement;35631726.0;0.0;0.0;35631726.0
Action 3 : faire de la formation la garantie des emplois de demain;Mission 1 : le combat pour l’emploi local;Emplois de solidarité;Direction de l'Emploi et de la Formation Professionnelle;2011.0;Fonctionnement;16023.0;0.0;0.0;16023.0
Action 1 : faire émerger les PME du futur;Mission 1 : le combat pour l’emploi local;Soutien à la création et à la transmission d'entreprises;Entreprises et innovation;2016.0;Fonctionnement;1570224.0;0.0;-598000.0;972224.0
Action 6 : renforcer notre qualité de vie;Mission 2 : le combat pour l’équité territoriale;Sport de haut niveau;Direction Culture, Sport, Associations;2016.0;Fonctionnement;1500000.0;0.0;0.0;1500000.0
Action 6 : renforcer notre qualité de vie;Mission 2 : le combat pour l’équité territoriale;Sport pour tous;Direction Culture, Sport, Associations;2016.0;Investissement;35374.0;0.0;0.0;35374.0
Action 7 : des politiques régionales mieux évaluées et plus économes;Mission 3 : le combat pour l’efficacité régionale;Investissements immobiliers;Direction du Patrimoine Immobilier;2016.0;Investissement;0.0;300000.0;0.0;300000.0
Action 3 : faire de la formation la garantie des emplois de demain;Mission 1 : le combat pour l’emploi local;Fonctionnement des établissements d'enseignement supérieur et soutien aux initiatives des acteurs de la vie étudiante;Direction de l'Enseignement Supérieur et de la Recherche;2016.0;Fonctionnement;1801988.0;0.0;0.0;1801988.0
Action 3 : faire de la formation la garantie des emplois de demain;Mission 1 : le combat pour l’emploi local;Fonctionnement des E.P.L.E.;Direction des Lycées;2016.0;Fonctionnement;33160000.0;0.0;0.0;33160000.0
Action 8 : des agents mieux accompagnés et mieux valorisés;Mission 3 : le combat pour l’efficacité régionale;Dép gestion,form,prest soc Aides sociales culture;Direction des ressources humaines;2006.0;Fonctionnement;990.0;0.0;0.0;990.0
Action 6 : renforcer notre qualité de vie;Mission 2 : le combat pour l’équité territoriale;Sport;Direction Culture, Sport, Associations;2016.0;Fonctionnement;2500000.0;20000.0;13000.0;2533000.0
Action 4 : développer les infrastructures et les réseaux de demain;Mission 2 : le combat pour l’équité territoriale;transports au titre Loi Notre Transports interurbains CD44;Transports et mobilités;2006.0;Fonctionnement;25380000.0;0.0;2618612.0;27998612.0
Action 4 : développer les infrastructures et les réseaux de demain;Mission 2 : le combat pour l’équité territoriale;Modernisation du parc de matériel roulant régional;Transports et mobilités;2011.0;Investissement;19193928.0;0.0;0.0;19193928.0
Action 4 : développer les infrastructures et les réseaux de demain;Mission 2 : le combat pour l’équité territoriale;Multimodalité et solutions innovantes;Transports et mobilités;2011.0;Fonctionnement;247269.0;0.0;0.0;247269.0
Action 5 : agir au plus près des habitants;Mission 2 : le combat pour l’équité territoriale;Développement et animation des territoires;Territoires et ruralité;2016.0;Investissement;5107935.0;0.0;0.0;5107935.0
Action 6 : renforcer notre qualité de vie;Mission 2 : le combat pour l’équité territoriale;Arts visuels;Direction Culture, Sport, Associations;2016.0;Investissement;1869532.0;0.0;0.0;1869532.0
Action 7 : des politiques régionales mieux évaluées et plus économes;Mission 3 : le combat pour l’efficacité régionale;Bâtiments administratifs Loyers et charges;Direction du Patrimoine Immobilier;2006.0;Fonctionnement;1546000.0;320000.0;0.0;1866000.0
Action 2 : faire des grandes mutations un moteur de production;Mission 1 : le combat pour l’emploi local;Programmes de recherche regionaux et interregionaux;Direction de l'Enseignement Supérieur et de la Recherche;2011.0;Fonctionnement;425018.0;0.0;0.0;425018.0
Action 1 : faire émerger les PME du futur;Mission 1 : le combat pour l’emploi local;Soutien à la création et à la transmission d'entreprises;Entreprises et innovation;2016.0;Investissement;2179050.0;0.0;0.0;2179050.0
Action 7 : des politiques régionales mieux évaluées et plus économes;Mission 3 : le combat pour l’efficacité régionale;Administration générale Logistique;Administration générale;2006.0;Fonctionnement;819000.0;0.0;0.0;819000.0
Action 5 : agir au plus près des habitants;Mission 2 : le combat pour l’équité territoriale;Santé publique, vieillissement, et politique du handicap;Territoires et ruralité;2011.0;Investissement;300000.0;0.0;0.0;300000.0
Action 6 : renforcer notre qualité de vie;Mission 2 : le combat pour l’équité territoriale;Axe Ligérien;Transition énergétique et environnement;2016.0;Fonctionnement;0.0;15000.0;0.0;15000.0
Action 8 : des agents mieux accompagnés et mieux valorisés;Mission 3 : le combat pour l’efficacité régionale;Masse salariale finances Charges salariales EPLE;Direction des ressources humaines;2006.0;Fonctionnement;988317.0;0.0;-650000.0;338317.0
Action 3 : faire de la formation la garantie des emplois de demain;Mission 1 : le combat pour l’emploi local;Ingéniérie et études - Emploi et formation professionelle continue;Direction de l'Emploi et de la Formation Professionnelle;2016.0;Fonctionnement;255000.0;0.0;0.0;255000.0
Action 3 : faire de la formation la garantie des emplois de demain;Mission 1 : le combat pour l’emploi local;Pacte éducatif régional;Direction des Lycées;2016.0;Fonctionnement;3869000.0;0.0;0.0;3869000.0
Action 1 : faire émerger les PME du futur;Mission 1 : le combat pour l’emploi local;Economie résidentielle;Entreprises et innovation;2016.0;Fonctionnement;180000.0;0.0;-19000.0;161000.0
Action 4 : développer les infrastructures et les réseaux de demain;Mission 2 : le combat pour l’équité territoriale;transports au titre Loi Notre Transports maritimes CD85;Transports et mobilités;2006.0;Fonctionnement;4735000.0;100000.0;-1864000.0;2971000.0
Action 4 : développer les infrastructures et les réseaux de demain;Mission 2 : le combat pour l’équité territoriale;Désenclavement urbain et rural;Transports et mobilités;2006.0;Investissement;520000.0;0.0;0.0;520000.0
Action 6 : renforcer notre qualité de vie;Mission 2 : le combat pour l’équité territoriale;Actions musicales structurantes;Direction Culture, Sport, Associations;2016.0;Investissement;275000.0;0.0;0.0;275000.0
Action 6 : renforcer notre qualité de vie;Mission 2 : le combat pour l’équité territoriale;Biodiversité et littoral;Transition énergétique et environnement;2011.0;Investissement;2662534.0;0.0;0.0;2662534.0
Action 6 : renforcer notre qualité de vie;Mission 2 : le combat pour l’équité territoriale;Livre et lecture;Direction Culture, Sport, Associations;2016.0;Fonctionnement;1457207.0;50000.0;0.0;1507207.0
Action 8 : des agents mieux accompagnés et mieux valorisés;Mission 3 : le combat pour l’efficacité régionale;Masse salariale finances Rému et primes titu Siège;Direction des ressources humaines;2006.0;Fonctionnement;31647000.0;0.0;-15716.0;31631284.0
Action 6 : renforcer notre qualité de vie;Mission 2 : le combat pour l’équité territoriale;Vie associative, égalité homme-femme, bénévolat et lutte contre la grande précarité;Direction Culture, Sport, Associations;2016.0;Investissement;30000.0;0.0;0.0;30000.0
Action 7 : des politiques régionales mieux évaluées et plus économes;Mission 3 : le combat pour l’efficacité régionale;Assemblées Protocole;Direction de la Communication;2006.0;Fonctionnement;140100.0;0.0;0.0;140100.0
Action 7 : des politiques régionales mieux évaluées et plus économes;Mission 3 : le combat pour l’efficacité régionale;Administration générale Régie DFCM;Regie DFCM;2006.0;Fonctionnement;4000.0;0.0;0.0;4000.0
Action 3 : faire de la formation la garantie des emplois de demain;Mission 1 : le combat pour l’emploi local;Actions éducatives;Direction de l'Apprentissage;2011.0;Fonctionnement;7680.0;0.0;0.0;7680.0
Action 2 : faire des grandes mutations un moteur de production;Mission 1 : le combat pour l’emploi local;Actions européennes;Direction des politiques européennes;2016.0;Fonctionnement;1351751.0;0.0;0.0;1351751.0
Action 2 : faire des grandes mutations un moteur de production;Mission 1 : le combat pour l’emploi local;Agriculture et développement durable;Agriculture, pêche et agroalimentaire;2016.0;Fonctionnement;1100715.0;0.0;0.0;1100715.0
Action 1 : faire émerger les PME du futur;Mission 1 : le combat pour l’emploi local;Soutien à l'investissement, à la croissance et à l'emploi;Entreprises et innovation;2011.0;Investissement;4752650.0;0.0;0.0;4752650.0
Action 2 : faire des grandes mutations un moteur de production;Mission 1 : le combat pour l’emploi local;Qualité et commercialisation des produits de la mer;Agriculture, pêche et agroalimentaire;2016.0;Fonctionnement;3882.0;0.0;0.0;3882.0
Action 3 : faire de la formation la garantie des emplois de demain;Mission 1 : le combat pour l’emploi local;Equipements des E.P.L.E.;Direction des Lycées;2016.0;Investissement;9000000.0;-150000.0;0.0;8850000.0
Action 7 : des politiques régionales mieux évaluées et plus économes;Mission 3 : le combat pour l’efficacité régionale;Loi NOTRe Reversement CVAE loi Notre;Direction des Finances et Commande Publique;2006.0;Fonctionnement;50949623.0;0.0;0.0;50949623.0
Action 7 : des politiques régionales mieux évaluées et plus économes;Mission 3 : le combat pour l’efficacité régionale;Investissements immobiliers;Direction du Patrimoine Immobilier;2016.0;Fonctionnement;5000.0;0.0;0.0;5000.0
Action 3 : faire de la formation la garantie des emplois de demain;Mission 1 : le combat pour l’emploi local;Investissement sanitaire et social;Direction de l'Emploi et de la Formation Professionnelle;2006.0;Investissement;585942.0;0.0;0.0;585942.0
Action 8 : des agents mieux accompagnés et mieux valorisés;Mission 3 : le combat pour l’efficacité régionale;Dép gestion,form,prest soc Dépenses de gestion EPLE;Direction des ressources humaines;2006.0;Fonctionnement;445500.0;0.0;0.0;445500.0
Action 6 : renforcer notre qualité de vie;Mission 2 : le combat pour l’équité territoriale;Patrimoine;Direction Culture, Sport, Associations;2016.0;Investissement;5724517.0;200000.0;0.0;5924517.0
Action 6 : renforcer notre qualité de vie;Mission 2 : le combat pour l’équité territoriale;Arts visuels;Direction Culture, Sport, Associations;2011.0;Investissement;102376.0;0.0;0.0;102376.0
Action 6 : renforcer notre qualité de vie;Mission 2 : le combat pour l’équité territoriale;Sport;Direction Culture, Sport, Associations;2016.0;Investissement;220000.0;0.0;0.0;220000.0
Action 4 : développer les infrastructures et les réseaux de demain;Mission 2 : le combat pour l’équité territoriale;Points d'arrêt et investissements en faveur de l'intermodalité;Transports et mobilités;2016.0;Investissement;5455588.0;0.0;0.0;5455588.0
Action 3 : faire de la formation la garantie des emplois de demain;Mission 1 : le combat pour l’emploi local;Région Formation des personnes détenues;Direction de l'Emploi et de la Formation Professionnelle;2016.0;Fonctionnement;1666500.0;0.0;0.0;1666500.0
Action 5 : agir au plus près des habitants;Mission 2 : le combat pour l’équité territoriale;Renouvellement urbain;Transition énergétique et environnement;2011.0;Investissement;3227330.0;0.0;0.0;3227330.0
Action 8 : des agents mieux accompagnés et mieux valorisés;Mission 3 : le combat pour l’efficacité régionale;Masse salariale finances Charges salariales SIEGE;Direction des ressources humaines;2006.0;Fonctionnement;499950.0;0.0;0.0;499950.0
Action 2 : faire des grandes mutations un moteur de production;Mission 1 : le combat pour l’emploi local;Valorisation des produits halieutiques, Innovation et Actions collectives;Agriculture, pêche et agroalimentaire;2016.0;Fonctionnement;324218.0;0.0;0.0;324218.0
Action 7 : des politiques régionales mieux évaluées et plus économes;Mission 3 : le combat pour l’efficacité régionale;Administration générale Collaborateurs d'élus (AG);Administration générale;2006.0;Fonctionnement;120000.0;0.0;0.0;120000.0
Action 7 : des politiques régionales mieux évaluées et plus économes;Mission 3 : le combat pour l’efficacité régionale;Administration générale Courrier;Administration générale;2006.0;Fonctionnement;350000.0;0.0;0.0;350000.0
Action 6 : renforcer notre qualité de vie;Mission 2 : le combat pour l’équité territoriale;Sport pour tous;Direction Culture, Sport, Associations;2016.0;Fonctionnement;2000000.0;0.0;0.0;2000000.0
Action 8 : des agents mieux accompagnés et mieux valorisés;Mission 3 : le combat pour l’efficacité régionale;Dép gestion,form,prest soc Dépenses de gestion Culture;Direction des ressources humaines;2006.0;Fonctionnement;8811.0;0.0;0.0;8811.0
Action 7 : des politiques régionales mieux évaluées et plus économes;Mission 3 : le combat pour l’efficacité régionale;Restauration Cafeteria;Administration générale;2006.0;Fonctionnement;95000.0;0.0;0.0;95000.0
Action 7 : des politiques régionales mieux évaluées et plus économes;Mission 3 : le combat pour l’efficacité régionale;Administration générale Service des marchés publics;Direction des Finances et Commande Publique;2006.0;Fonctionnement;150000.0;120000.0;0.0;270000.0
Action 7 : des politiques régionales mieux évaluées et plus économes;Mission 3 : le combat pour l’efficacité régionale;Information, production et média Editions;Direction de la Communication;2006.0;Fonctionnement;1517000.0;0.0;0.0;1517000.0
Action 3 : faire de la formation la garantie des emplois de demain;Mission 1 : le combat pour l’emploi local;Région - Formation  - Accès évolution;Direction de l'Emploi et de la Formation Professionnelle;2011.0;Fonctionnement;1299668.0;0.0;0.0;1299668.0
Action 3 : faire de la formation la garantie des emplois de demain;Mission 1 : le combat pour l’emploi local;Investissements immobiliers et équipements pédagogiques;Direction de l'Enseignement Supérieur et de la Recherche;2016.0;Investissement;7646003.0;-4300000.0;0.0;3346003.0
Action 7 : des politiques régionales mieux évaluées et plus économes;Mission 3 : le combat pour l’efficacité régionale;Stratégie Presse;Direction de la Communication;2006.0;Fonctionnement;24200.0;0.0;0.0;24200.0
Action 7 : des politiques régionales mieux évaluées et plus économes;Mission 3 : le combat pour l’efficacité régionale;Opérations comptables Opérations comptables;Direction des Finances et Commande Publique;2006.0;Fonctionnement;30000.0;0.0;0.0;30000.0
Action 2 : faire des grandes mutations un moteur de production;Mission 1 : le combat pour l’emploi local;Alimentation, qualité et industrie agro-alimentaire;Agriculture, pêche et agroalimentaire;2011.0;Investissement;1846407.0;0.0;0.0;1846407.0
Action 7 : des politiques régionales mieux évaluées et plus économes;Mission 3 : le combat pour l’efficacité régionale;Bâtiments administratifs Loyers et charges;Direction du Patrimoine Immobilier;2006.0;Investissement;6000.0;25000.0;0.0;31000.0
Action 6 : renforcer notre qualité de vie;Mission 2 : le combat pour l’équité territoriale;Sport de haut niveau;Direction Culture, Sport, Associations;2016.0;Investissement;80000.0;0.0;0.0;80000.0
Action 9 : une administration plus innovante;Mission 3 : le combat pour l’efficacité régionale;Schéma Directeur Numérique 2017-2021;Transformation Numérique;2016.0;Fonctionnement;4940000.0;0.0;0.0;4940000.0
Action 2 : faire des grandes mutations un moteur de production;Mission 1 : le combat pour l’emploi local;Accueil de chercheurs, valorisation, ouverture européenne et internationale;Direction de l'Enseignement Supérieur et de la Recherche;2011.0;Investissement;568640.0;0.0;0.0;568640.0
Action 3 : faire de la formation la garantie des emplois de demain;Mission 1 : le combat pour l’emploi local;Rémunération et protection sociale des stagiaires;Direction de l'Emploi et de la Formation Professionnelle;2016.0;Fonctionnement;2657115.0;0.0;0.0;2657115.0
Action 3 : faire de la formation la garantie des emplois de demain;Mission 1 : le combat pour l’emploi local;Conditions de vie apprenants;Direction de l'Emploi et de la Formation Professionnelle;2016.0;Fonctionnement;29983050.0;3096821.0;0.0;33079871.0
Action 2 : faire des grandes mutations un moteur de production;Mission 1 : le combat pour l’emploi local;Agriculture et développement durable;Agriculture, pêche et agroalimentaire;2016.0;Investissement;3268100.0;0.0;0.0;3268100.0
Action 4 : développer les infrastructures et les réseaux de demain;Mission 2 : le combat pour l’équité territoriale;Modernisation du parc de matériel roulant régional;Transports et mobilités;2016.0;Investissement;13272077.0;4237855.0;0.0;17509932.0
Action 8 : des agents mieux accompagnés et mieux valorisés;Mission 3 : le combat pour l’efficacité régionale;Loi NOTRe Charges salariales CREPS;Direction des ressources humaines;2006.0;Fonctionnement;1980.0;0.0;0.0;1980.0
Action 7 : des politiques régionales mieux évaluées et plus économes;Mission 3 : le combat pour l’efficacité régionale;Restauration Restauration interne;Administration générale;2006.0;Fonctionnement;210000.0;0.0;0.0;210000.0
Action 5 : agir au plus près des habitants;Mission 2 : le combat pour l’équité territoriale;Equipements structurants d'intérêt régional;Direction Culture, Sport, Associations;2011.0;Investissement;3983776.0;0.0;0.0;3983776.0
Action 6 : renforcer notre qualité de vie;Mission 2 : le combat pour l’équité territoriale;Eau et Loire;Transition énergétique et environnement;2016.0;Investissement;3080889.0;0.0;0.0;3080889.0
Action 8 : des agents mieux accompagnés et mieux valorisés;Mission 3 : le combat pour l’efficacité régionale;Masse salariale finances Rému primes non titu Siège;Direction des ressources humaines;2006.0;Fonctionnement;4257000.0;0.0;1750000.0;6007000.0
Action 7 : des politiques régionales mieux évaluées et plus économes;Mission 3 : le combat pour l’efficacité régionale;Bâtiments administratifs Etudes travaux et équipements;Direction du Patrimoine Immobilier;2006.0;Fonctionnement;15000.0;0.0;0.0;15000.0
Action 7 : des politiques régionales mieux évaluées et plus économes;Mission 3 : le combat pour l’efficacité régionale;Administration générale Fournitures et services;Administration générale;2006.0;Fonctionnement;684000.0;0.0;0.0;684000.0
Action 3 : faire de la formation la garantie des emplois de demain;Mission 1 : le combat pour l’emploi local;Fonds annuel d'intervention;Direction du Patrimoine Immobilier;2016.0;Fonctionnement;1527544.0;200000.0;500000.0;2227544.0
Action 1 : faire émerger les PME du futur;Mission 1 : le combat pour l’emploi local;Internationalisation de l’économie;Affaires Internationales;2016.0;Investissement;3405000.0;0.0;0.0;3405000.0
Action 2 : faire des grandes mutations un moteur de production;Mission 1 : le combat pour l’emploi local;Accueil de chercheurs, valorisation, ouverture européenne et internationale;Direction de l'Enseignement Supérieur et de la Recherche;2011.0;Fonctionnement;2015104.0;0.0;0.0;2015104.0
Action 2 : faire des grandes mutations un moteur de production;Mission 1 : le combat pour l’emploi local;Accueil de chercheurs, valorisation, ouverture européenne et internationale;Direction de l'Enseignement Supérieur et de la Recherche;2016.0;Investissement;70800.0;0.0;0.0;70800.0
Action 5 : agir au plus près des habitants;Mission 2 : le combat pour l’équité territoriale;Développement et animation des territoires;Territoires et ruralité;2006.0;Investissement;1466339.0;0.0;0.0;1466339.0
Action 4 : développer les infrastructures et les réseaux de demain;Mission 2 : le combat pour l’équité territoriale;Aménagement numérique;Aménagement Numérique;2011.0;Investissement;14094855.0;0.0;0.0;14094855.0
Action 3 : faire de la formation la garantie des emplois de demain;Mission 1 : le combat pour l’emploi local;Etudes et promotion;Direction de l'Apprentissage;2011.0;Fonctionnement;103000.0;0.0;0.0;103000.0
Action 3 : faire de la formation la garantie des emplois de demain;Mission 1 : le combat pour l’emploi local;REGION FORMATION - ACCES Entrepreneur;Direction de l'Emploi et de la Formation Professionnelle;2016.0;Fonctionnement;1418802.0;0.0;0.0;1418802.0
Action 3 : faire de la formation la garantie des emplois de demain;Mission 1 : le combat pour l’emploi local;Ingéniérie;Direction de l'Apprentissage;2016.0;Fonctionnement;289700.0;0.0;0.0;289700.0
Action 6 : renforcer notre qualité de vie;Mission 2 : le combat pour l’équité territoriale;Autonomie des jeunes;Direction Culture, Sport, Associations;2016.0;Investissement;249330.0;0.0;0.0;249330.0
Action 6 : renforcer notre qualité de vie;Mission 2 : le combat pour l’équité territoriale;Patrimoine;Direction Culture, Sport, Associations;2011.0;Investissement;330483.0;0.0;0.0;330483.0
Action 3 : faire de la formation la garantie des emplois de demain;Mission 1 : le combat pour l’emploi local;Subventions d'investissement aux établissements privés sous contrat d'association;Direction des Lycées;2011.0;Investissement;867832.0;0.0;0.0;867832.0
Action 4 : développer les infrastructures et les réseaux de demain;Mission 2 : le combat pour l’équité territoriale;Fonctionnement du réseau de transport régional;Transports et mobilités;2016.0;Fonctionnement;161431836.0;0.0;-945509.0;160486327.0
Action 3 : faire de la formation la garantie des emplois de demain;Mission 1 : le combat pour l’emploi local;Travaux dans les E.P.L.E.;Direction du Patrimoine Immobilier;2011.0;Investissement;45000000.0;0.0;0.0;45000000.0
Action 4 : développer les infrastructures et les réseaux de demain;Mission 2 : le combat pour l’équité territoriale;Politique routière d'intérêt régional;Transports et mobilités;2016.0;Fonctionnement;200000.0;0.0;-67472.0;132528.0
Action 8 : des agents mieux accompagnés et mieux valorisés;Mission 3 : le combat pour l’efficacité régionale;Masse salariale finances Rému et primes titu Culture;Direction des ressources humaines;2006.0;Fonctionnement;758406.0;0.0;40000.0;798406.0
Action 8 : des agents mieux accompagnés et mieux valorisés;Mission 3 : le combat pour l’efficacité régionale;Loi NOTRe Rému et primes titu Transport;Direction des ressources humaines;2006.0;Fonctionnement;2898800.0;0.0;-300000.0;2598800.0
Action 3 : faire de la formation la garantie des emplois de demain;Mission 1 : le combat pour l’emploi local;Axe7 FSE -Apprentissage, formation professionnelle et enseignement supérieur;Direction des politiques européennes;2014.0;Fonctionnement;5000000.0;0.0;-800000.0;4200000.0
Action 6 : renforcer notre qualité de vie;Mission 2 : le combat pour l’équité territoriale;Biodiversité et littoral;Transition énergétique et environnement;2011.0;Fonctionnement;267386.0;0.0;0.0;267386.0
Action 8 : des agents mieux accompagnés et mieux valorisés;Mission 3 : le combat pour l’efficacité régionale;Loi NOTRe Dépenses de gestion Transport;Direction des ressources humaines;2006.0;Fonctionnement;14355.0;0.0;-10000.0;4355.0
Action 7 : des politiques régionales mieux évaluées et plus économes;Mission 3 : le combat pour l’efficacité régionale;Administration générale Fournitures et services;Administration générale;2006.0;Investissement;6000.0;0.0;0.0;6000.0
Action 7 : des politiques régionales mieux évaluées et plus économes;Mission 3 : le combat pour l’efficacité régionale;Audiovisuel régional;Direction de la Communication;2011.0;Fonctionnement;128012.0;0.0;0.0;128012.0
Action 3 : faire de la formation la garantie des emplois de demain;Mission 1 : le combat pour l’emploi local;Observation, études;Direction de l'Emploi et de la Formation Professionnelle;2016.0;Fonctionnement;5000.0;0.0;0.0;5000.0
Action 3 : faire de la formation la garantie des emplois de demain;Mission 1 : le combat pour l’emploi local;Logement pour les jeunes;Transition énergétique et environnement;2011.0;Investissement;193180.0;0.0;0.0;193180.0
Action 3 : faire de la formation la garantie des emplois de demain;Mission 1 : le combat pour l’emploi local;Ingéniérie et études - Apprentissage;Direction de l'Apprentissage;2016.0;Fonctionnement;124800.0;0.0;0.0;124800.0
Action 3 : faire de la formation la garantie des emplois de demain;Mission 1 : le combat pour l’emploi local;Région - Formation  - Visa social;Direction de l'Emploi et de la Formation Professionnelle;2014.0;Fonctionnement;245082.0;0.0;0.0;245082.0
Action 3 : faire de la formation la garantie des emplois de demain;Mission 1 : le combat pour l’emploi local;Travaux dans les E.P.L.E.;Direction du Patrimoine Immobilier;2016.0;Investissement;900000.0;0.0;0.0;900000.0
Action 8 : des agents mieux accompagnés et mieux valorisés;Mission 3 : le combat pour l’efficacité régionale;Loi NOTRe Dépenses annexes Transport;Direction des ressources humaines;2006.0;Fonctionnement;97400.0;0.0;0.0;97400.0
Action 7 : des politiques régionales mieux évaluées et plus économes;Mission 3 : le combat pour l’efficacité régionale;Administration générale Archives;Direction Culture, Sport, Associations;2006.0;Fonctionnement;44700.0;0.0;0.0;44700.0
Action 6 : renforcer notre qualité de vie;Mission 2 : le combat pour l’équité territoriale;Economie circulaire, déchets, risques technologiques;Transition énergétique et environnement;2011.0;Fonctionnement;53831.0;0.0;0.0;53831.0
Action 7 : des politiques régionales mieux évaluées et plus économes;Mission 3 : le combat pour l’efficacité régionale;Autres directions Autres directions;Direction de la Communication;2006.0;Fonctionnement;2014477.0;0.0;0.0;2014477.0
Action 7 : des politiques régionales mieux évaluées et plus économes;Mission 3 : le combat pour l’efficacité régionale;Assemblées Présidence;Administration générale;2006.0;Fonctionnement;75000.0;0.0;0.0;75000.0
Action 4 : développer les infrastructures et les réseaux de demain;Mission 2 : le combat pour l’équité territoriale;Points d'arrêt et investissements en faveur de l'intermodalité;Transports et mobilités;2011.0;Investissement;8826324.0;0.0;0.0;8826324.0
Action 5 : agir au plus près des habitants;Mission 2 : le combat pour l’équité territoriale;Actions territoriales;Direction Culture, Sport, Associations;2011.0;Investissement;139480.0;0.0;0.0;139480.0
Action 7 : des politiques régionales mieux évaluées et plus économes;Mission 3 : le combat pour l’efficacité régionale;Bâtiments administratifs Fluides;Direction du Patrimoine Immobilier;2006.0;Fonctionnement;600000.0;0.0;0.0;600000.0
Action 2 : faire des grandes mutations un moteur de production;Mission 1 : le combat pour l’emploi local;Grands équipements structurants et équipements de centres de recherche;Direction de l'Enseignement Supérieur et de la Recherche;2016.0;Investissement;1430174.0;0.0;0.0;1430174.0
Action 6 : renforcer notre qualité de vie;Mission 2 : le combat pour l’équité territoriale;Sport pour tous;Direction Culture, Sport, Associations;2011.0;Investissement;44626.0;0.0;0.0;44626.0
Action 5 : agir au plus près des habitants;Mission 2 : le combat pour l’équité territoriale;Economie de proximité et relations agriculture, alimentation et territoire;Agriculture, pêche et agroalimentaire;2011.0;Investissement;423723.0;0.0;0.0;423723.0
Action 6 : renforcer notre qualité de vie;Mission 2 : le combat pour l’équité territoriale;Arts de la scène;Direction Culture, Sport, Associations;2011.0;Fonctionnement;49635.0;0.0;0.0;49635.0
Action 6 : renforcer notre qualité de vie;Mission 2 : le combat pour l’équité territoriale;Eau et Loire;Transition énergétique et environnement;2011.0;Investissement;2281680.0;0.0;0.0;2281680.0
Action 2 : faire des grandes mutations un moteur de production;Mission 1 : le combat pour l’emploi local;Alimentation, qualité et industrie agro-alimentaire;Agriculture, pêche et agroalimentaire;2016.0;Fonctionnement;1224000.0;0.0;0.0;1224000.0
Action 1 : faire émerger les PME du futur;Mission 1 : le combat pour l’emploi local;Rayonnement à l'international;Affaires Internationales;2016.0;Investissement;554288.0;0.0;0.0;554288.0
Action 4 : développer les infrastructures et les réseaux de demain;Mission 2 : le combat pour l’équité territoriale;transports au titre Loi Notre Transports interurbains CD53;Transports et mobilités;2006.0;Investissement;18950.0;0.0;0.0;18950.0
Action 5 : agir au plus près des habitants;Mission 2 : le combat pour l’équité territoriale;Economie de proximité et relations agriculture, alimentation et territoire;Agriculture, pêche et agroalimentaire;2016.0;Investissement;1665750.0;0.0;0.0;1665750.0
Action 2 : faire des grandes mutations un moteur de production;Mission 1 : le combat pour l’emploi local;Programmes de recherche regionaux et interregionaux;Direction de l'Enseignement Supérieur et de la Recherche;2016.0;Fonctionnement;1052809.0;0.0;0.0;1052809.0
Action 2 : faire des grandes mutations un moteur de production;Mission 1 : le combat pour l’emploi local;Alimentation, qualité et industrie agro-alimentaire;Agriculture, pêche et agroalimentaire;2016.0;Investissement;2769822.0;0.0;0.0;2769822.0
Action 6 : renforcer notre qualité de vie;Mission 2 : le combat pour l’équité territoriale;Economie circulaire, déchets, risques technologiques;Transition énergétique et environnement;2016.0;Fonctionnement;201938.0;0.0;0.0;201938.0
Action 6 : renforcer notre qualité de vie;Mission 2 : le combat pour l’équité territoriale;Autonomie des jeunes;Direction Culture, Sport, Associations;2012.0;Investissement;20670.0;0.0;0.0;20670.0
Action 7 : des politiques régionales mieux évaluées et plus économes;Mission 3 : le combat pour l’efficacité régionale;Appui à la gestion des fonds europ 14-20;Direction des politiques européennes;2014.0;Fonctionnement;497000.0;0.0;-87000.0;410000.0
Action 7 : des politiques régionales mieux évaluées et plus économes;Mission 3 : le combat pour l’efficacité régionale;Administration générale Documentation;Administration générale;2006.0;Fonctionnement;153000.0;0.0;0.0;153000.0
Action 3 : faire de la formation la garantie des emplois de demain;Mission 1 : le combat pour l’emploi local;Je me qualifie;Direction de l'Emploi et de la Formation Professionnelle;2011.0;Fonctionnement;3387500.0;0.0;0.0;3387500.0
Action 3 : faire de la formation la garantie des emplois de demain;Mission 1 : le combat pour l’emploi local;Investissements et équipements des CFA;Direction de l'Apprentissage;2011.0;Investissement;10941000.0;0.0;0.0;10941000.0
Action 7 : des politiques régionales mieux évaluées et plus économes;Mission 3 : le combat pour l’efficacité régionale;Information, production et média Campagnes;Direction de la Communication;2006.0;Fonctionnement;150000.0;0.0;0.0;150000.0
Action 1 : faire émerger les PME du futur;Mission 1 : le combat pour l’emploi local;Soutien à l'investissement, à la croissance et à l'emploi;Entreprises et innovation;2016.0;Investissement;14618520.0;-400000.0;0.0;14218520.0
Action 4 : développer les infrastructures et les réseaux de demain;Mission 2 : le combat pour l’équité territoriale;Modernisation du parc de matériel roulant régional;Transports et mobilités;2006.0;Investissement;3379395.0;0.0;0.0;3379395.0
Action 3 : faire de la formation la garantie des emplois de demain;Mission 1 : le combat pour l’emploi local;Ingéniérie;Direction de l'Apprentissage;2011.0;Fonctionnement;152000.0;0.0;0.0;152000.0
Action 7 : des politiques régionales mieux évaluées et plus économes;Mission 3 : le combat pour l’efficacité régionale;Opérations financières Compensations réforme fiscale;Direction des Finances et Commande Publique;2006.0;Fonctionnement;3666907.0;0.0;-839581.0;2827326.0
Action 7 : des politiques régionales mieux évaluées et plus économes;Mission 3 : le combat pour l’efficacité régionale;Mouvements d'ordre Opérations ordre patrimoniales;Direction des Finances et Commande Publique;2006.0;Investissement;;;;
Action 3 : faire de la formation la garantie des emplois de demain;Mission 1 : le combat pour l’emploi local;Rémunération et protection sociale des stagiaires;Direction de l'Emploi et de la Formation Professionnelle;2011.0;Fonctionnement;25000.0;0.0;0.0;25000.0
Action 3 : faire de la formation la garantie des emplois de demain;Mission 1 : le combat pour l’emploi local;REGION FORMATION - ACCES Emploi;Direction de l'Emploi et de la Formation Professionnelle;2016.0;Fonctionnement;5516672.0;4203333.0;0.0;9720005.0
Action 8 : des agents mieux accompagnés et mieux valorisés;Mission 3 : le combat pour l’efficacité régionale;Dép gestion,form,prest soc Prestations sociales Finances;Direction des Finances et Commande Publique;2006.0;Fonctionnement;1550000.0;0.0;0.0;1550000.0
Action 8 : des agents mieux accompagnés et mieux valorisés;Mission 3 : le combat pour l’efficacité régionale;Loi NOTRe Charges patronales Transport;Direction des ressources humaines;2006.0;Fonctionnement;1346900.0;0.0;-220000.0;1126900.0
Action 6 : renforcer notre qualité de vie;Mission 2 : le combat pour l’équité territoriale;Economie circulaire, déchets, risques technologiques;Transition énergétique et environnement;2016.0;Investissement;287742.0;0.0;0.0;287742.0
Action 1 : faire émerger les PME du futur;Mission 1 : le combat pour l’emploi local;Appui à la performance - Aide au conseil;Entreprises et innovation;2011.0;Investissement;407213.0;0.0;0.0;407213.0
Action 1 : faire émerger les PME du futur;Mission 1 : le combat pour l’emploi local;Rayonnement à l'international;Affaires Internationales;2016.0;Fonctionnement;695204.0;0.0;0.0;695204.0
Action 2 : faire des grandes mutations un moteur de production;Mission 1 : le combat pour l’emploi local;Programmes de recherche regionaux et interregionaux;Direction de l'Enseignement Supérieur et de la Recherche;2016.0;Investissement;1991468.0;0.0;0.0;1991468.0
Action 1 : faire émerger les PME du futur;Mission 1 : le combat pour l’emploi local;Soutien à l'innovation;Entreprises et innovation;2011.0;Investissement;6956228.0;0.0;0.0;6956228.0
Action 8 : des agents mieux accompagnés et mieux valorisés;Mission 3 : le combat pour l’efficacité régionale;Dép gestion,form,prest soc Aides sociales EPLE;Direction des ressources humaines;2006.0;Fonctionnement;79200.0;0.0;0.0;79200.0
Action 7 : des politiques régionales mieux évaluées et plus économes;Mission 3 : le combat pour l’efficacité régionale;Assemblées Conseil Economique et Social;CESER;2006.0;Investissement;7000.0;0.0;0.0;7000.0
Action 3 : faire de la formation la garantie des emplois de demain;Mission 1 : le combat pour l’emploi local;Investissements immobiliers et équipements pédagogiques;Direction de l'Enseignement Supérieur et de la Recherche;2016.0;Fonctionnement;50000.0;0.0;0.0;50000.0
Action 3 : faire de la formation la garantie des emplois de demain;Mission 1 : le combat pour l’emploi local;Orientation des jeunes et lutte contre le décrochage;Direction des Lycées;2016.0;Fonctionnement;716000.0;0.0;0.0;716000.0
Action 3 : faire de la formation la garantie des emplois de demain;Mission 1 : le combat pour l’emploi local;Mesures en faveur des apprentis;Direction de l'Apprentissage;2016.0;Fonctionnement;12064500.0;0.0;0.0;12064500.0
Action 3 : faire de la formation la garantie des emplois de demain;Mission 1 : le combat pour l’emploi local;Contrat Etat-Région-Investissements Immobiliers;Direction de l'Enseignement Supérieur et de la Recherche;2006.0;Investissement;31427.0;0.0;0.0;31427.0
Action 3 : faire de la formation la garantie des emplois de demain;Mission 1 : le combat pour l’emploi local;Démarches individuelles de formation et VAE;Direction de l'Emploi et de la Formation Professionnelle;2011.0;Fonctionnement;84659.0;0.0;0.0;84659.0
Action 9 : une administration plus innovante;Mission 3 : le combat pour l’efficacité régionale;Information géographique régionale;Transformation Numérique;2016.0;Fonctionnement;10000.0;0.0;0.0;10000.0
Action 7 : des politiques régionales mieux évaluées et plus économes;Mission 3 : le combat pour l’efficacité régionale;Assemblées Conseil Economique et Social;CESER;2006.0;Fonctionnement;1800000.0;0.0;0.0;1800000.0
Action 4 : développer les infrastructures et les réseaux de demain;Mission 2 : le combat pour l’équité territoriale;transports au titre Loi Notre Transports maritimes CD85;Transports et mobilités;2006.0;Investissement;250000.0;-242000.0;0.0;8000.0
Action 7 : des politiques régionales mieux évaluées et plus économes;Mission 3 : le combat pour l’efficacité régionale;Evènements Stands pérenne et modulable;Direction de la Communication;2006.0;Investissement;30000.0;0.0;0.0;30000.0
Action 7 : des politiques régionales mieux évaluées et plus économes;Mission 3 : le combat pour l’efficacité régionale;Investissements immobiliers;Direction du Patrimoine Immobilier;2011.0;Investissement;245177.0;0.0;0.0;245177.0
Action 7 : des politiques régionales mieux évaluées et plus économes;Mission 3 : le combat pour l’efficacité régionale;E-communication Internet;Direction de la Communication;2006.0;Fonctionnement;98000.0;0.0;0.0;98000.0
Action 2 : faire des grandes mutations un moteur de production;Mission 1 : le combat pour l’emploi local;UE FEADER FEADER;Agriculture, pêche et agroalimentaire;2006.0;Investissement;88808000.0;0.0;-2730944.0;86077056.0
Action 2 : faire des grandes mutations un moteur de production;Mission 1 : le combat pour l’emploi local;Soutien aux transitions;Entreprises et innovation;2011.0;Fonctionnement;10000.0;0.0;0.0;10000.0
Action 2 : faire des grandes mutations un moteur de production;Mission 1 : le combat pour l’emploi local;Actions communes en faveur des filières pêche et aquaculture;Agriculture, pêche et agroalimentaire;2011.0;Fonctionnement;33900.0;0.0;0.0;33900.0
Action 1 : faire émerger les PME du futur;Mission 1 : le combat pour l’emploi local;Soutien à l'innovation;Entreprises et innovation;2016.0;Investissement;10913623.0;0.0;0.0;10913623.0
Action 7 : des politiques régionales mieux évaluées et plus économes;Mission 3 : le combat pour l’efficacité régionale;Administration générale Logistique;Administration générale;2006.0;Investissement;89000.0;0.0;0.0;89000.0
Action 6 : renforcer notre qualité de vie;Mission 2 : le combat pour l’équité territoriale;Axe Ligérien;Transition énergétique et environnement;2011.0;Fonctionnement;3145.0;15000.0;0.0;18145.0
Action 9 : une administration plus innovante;Mission 3 : le combat pour l’efficacité régionale;Information géographique régionale;Transformation Numérique;2016.0;Investissement;286059.0;0.0;0.0;286059.0
Action 8 : des agents mieux accompagnés et mieux valorisés;Mission 3 : le combat pour l’efficacité régionale;Loi NOTRe Rému et primes titu CREPS;Direction des ressources humaines;2006.0;Fonctionnement;141570.0;0.0;0.0;141570.0
Action 5 : agir au plus près des habitants;Mission 2 : le combat pour l’équité territoriale;Equipements et partenariats institutionnels sportifs;Direction Culture, Sport, Associations;2016.0;Fonctionnement;650000.0;0.0;-13000.0;637000.0
Action 2 : faire des grandes mutations un moteur de production;Mission 1 : le combat pour l’emploi local;Grands équipements structurants et équipements de centres de recherche;Direction de l'Enseignement Supérieur et de la Recherche;1998.0;Investissement;1093.0;0.0;0.0;1093.0
Action 7 : des politiques régionales mieux évaluées et plus économes;Mission 3 : le combat pour l’efficacité régionale;Bâtiments administratifs Maintenance bâtiments;Direction du Patrimoine Immobilier;2006.0;Fonctionnement;780000.0;0.0;0.0;780000.0
Action 3 : faire de la formation la garantie des emplois de demain;Mission 1 : le combat pour l’emploi local;Gestion financière de l'ensemble des dépenses de fonctionnement et des rémunérations;Direction de l'Emploi et de la Formation Professionnelle;2016.0;Fonctionnement;401984.0;0.0;0.0;401984.0
Action 3 : faire de la formation la garantie des emplois de demain;Mission 1 : le combat pour l’emploi local;Travaux dans les E.P.L.E.;Direction du Patrimoine Immobilier;2006.0;Investissement;25000000.0;0.0;0.0;25000000.0
Action 7 : des politiques régionales mieux évaluées et plus économes;Mission 3 : le combat pour l’efficacité régionale;Signalétique Signalétique promotionnelle;Direction de la Communication;2006.0;Investissement;10000.0;0.0;0.0;10000.0
Action 8 : des agents mieux accompagnés et mieux valorisés;Mission 3 : le combat pour l’efficacité régionale;Loi NOTRe Charges salariales Transport;Direction des ressources humaines;2006.0;Fonctionnement;10000.0;0.0;0.0;10000.0
Action 3 : faire de la formation la garantie des emplois de demain;Mission 1 : le combat pour l’emploi local;Aide à la mobilité sortante;Direction de l'Enseignement Supérieur et de la Recherche;2016.0;Fonctionnement;2933000.0;0.0;0.0;2933000.0
Action 2 : faire des grandes mutations un moteur de production;Mission 1 : le combat pour l’emploi local;Transition énergétique;Transition énergétique et environnement;2016.0;Investissement;5241768.0;0.0;0.0;5241768.0
Action 3 : faire de la formation la garantie des emplois de demain;Mission 1 : le combat pour l’emploi local;Etudes et promotions;Direction des Lycées;2016.0;Investissement;10000.0;0.0;0.0;10000.0
Action 1 : faire émerger les PME du futur;Mission 1 : le combat pour l’emploi local;Rayonnement à l'international;Affaires Internationales;2011.0;Investissement;22200.0;0.0;0.0;22200.0
Action 4 : développer les infrastructures et les réseaux de demain;Mission 2 : le combat pour l’équité territoriale;transports au titre Loi Notre Transports interurbains CD85;Transports et mobilités;2006.0;Fonctionnement;3963500.0;0.0;0.0;3963500.0
Action 4 : développer les infrastructures et les réseaux de demain;Mission 2 : le combat pour l’équité territoriale;transports au titre Loi Notre Transports scolaires CD85;Transports et mobilités;2006.0;Fonctionnement;35539000.0;0.0;0.0;35539000.0
Action 4 : développer les infrastructures et les réseaux de demain;Mission 2 : le combat pour l’équité territoriale;Grand Port Maritime de Nantes Saint-Nazaire;Entreprises et innovation;2006.0;Investissement;234000.0;0.0;0.0;234000.0
Action 3 : faire de la formation la garantie des emplois de demain;Mission 1 : le combat pour l’emploi local;Amélioration des conditions de travail;Direction de l'Emploi et de la Formation Professionnelle;2016.0;Fonctionnement;74700.0;0.0;0.0;74700.0
Action 3 : faire de la formation la garantie des emplois de demain;Mission 1 : le combat pour l’emploi local;Mobilité internationale;Direction de l'Emploi et de la Formation Professionnelle;2016.0;Fonctionnement;20430.0;0.0;0.0;20430.0
Action 8 : des agents mieux accompagnés et mieux valorisés;Mission 3 : le combat pour l’efficacité régionale;Masse salariale finances Prestations sociales Siège;Direction des ressources humaines;2006.0;Fonctionnement;211860.0;0.0;0.0;211860.0
Action 8 : des agents mieux accompagnés et mieux valorisés;Mission 3 : le combat pour l’efficacité régionale;Loi NOTRe Prestations sociales Transport;Direction des ressources humaines;2006.0;Fonctionnement;14400.0;0.0;0.0;14400.0
Action 8 : des agents mieux accompagnés et mieux valorisés;Mission 3 : le combat pour l’efficacité régionale;Loi NOTRe Dépenses annexes CREPS;Direction des ressources humaines;2006.0;Fonctionnement;1980.0;0.0;0.0;1980.0
Action 4 : développer les infrastructures et les réseaux de demain;Mission 2 : le combat pour l’équité territoriale;transports au titre Loi Notre Transports scolaires CD53;Transports et mobilités;2006.0;Fonctionnement;12203000.0;0.0;0.0;12203000.0
Action 8 : des agents mieux accompagnés et mieux valorisés;Mission 3 : le combat pour l’efficacité régionale;Loi NOTRe Prestations sociales CREPS;Direction des ressources humaines;2006.0;Fonctionnement;4950.0;0.0;0.0;4950.0
Action 2 : faire des grandes mutations un moteur de production;Mission 1 : le combat pour l’emploi local;Soutien aux transitions;Entreprises et innovation;2016.0;Investissement;931791.0;400000.0;0.0;1331791.0
Action 7 : des politiques régionales mieux évaluées et plus économes;Mission 3 : le combat pour l’efficacité régionale;Administration générale Conseil juridique;Affaires juridiques et assemblées;2006.0;Fonctionnement;198310.0;0.0;0.0;198310.0
Action 7 : des politiques régionales mieux évaluées et plus économes;Mission 3 : le combat pour l’efficacité régionale;Administration générale Fournitures et services DFCM;Direction des Finances et Commande Publique;2006.0;Fonctionnement;449543.0;0.0;0.0;449543.0
Action 7 : des politiques régionales mieux évaluées et plus économes;Mission 3 : le combat pour l’efficacité régionale;Observation régionale - Etudes et expertises;Administration générale;2016.0;Fonctionnement;203930.0;-26000.0;0.0;177930.0
Action 7 : des politiques régionales mieux évaluées et plus économes;Mission 3 : le combat pour l’efficacité régionale;Etudes et  actions énergétiques;Direction du Patrimoine Immobilier;2016.0;Investissement;120000.0;0.0;0.0;120000.0
Action 3 : faire de la formation la garantie des emplois de demain;Mission 1 : le combat pour l’emploi local;Informatisation des lycées publics et ENT;Direction des Lycées;2016.0;Investissement;6800000.0;0.0;0.0;6800000.0
Action 3 : faire de la formation la garantie des emplois de demain;Mission 1 : le combat pour l’emploi local;Form. courtes d'adaptation à l'emploi;Direction de l'Emploi et de la Formation Professionnelle;2016.0;Fonctionnement;161060.0;0.0;0.0;161060.0
Action 3 : faire de la formation la garantie des emplois de demain;Mission 1 : le combat pour l’emploi local;Investissements et équipements des CFA;Direction de l'Apprentissage;2016.0;Investissement;1083000.0;0.0;0.0;1083000.0
Action 3 : faire de la formation la garantie des emplois de demain;Mission 1 : le combat pour l’emploi local;Orientation - Valorisation des métiers;Direction de l'Apprentissage;2016.0;Fonctionnement;1525000.0;0.0;0.0;1525000.0
Action 3 : faire de la formation la garantie des emplois de demain;Mission 1 : le combat pour l’emploi local;Mesures en faveur des apprentis;Direction de l'Apprentissage;2011.0;Fonctionnement;262000.0;0.0;0.0;262000.0
Action 8 : des agents mieux accompagnés et mieux valorisés;Mission 3 : le combat pour l’efficacité régionale;Masse salariale finances Dépenses annexes EPLE;Direction des ressources humaines;2006.0;Fonctionnement;386100.0;0.0;0.0;386100.0
Action 8 : des agents mieux accompagnés et mieux valorisés;Mission 3 : le combat pour l’efficacité régionale;Loi NOTRe Rému et primes non titu CREPS;Direction des ressources humaines;2006.0;Fonctionnement;62370.0;0.0;0.0;62370.0
Action 7 : des politiques régionales mieux évaluées et plus économes;Mission 3 : le combat pour l’efficacité régionale;Restauration Restauration interne;Administration générale;2006.0;Investissement;10000.0;0.0;0.0;10000.0
Action 6 : renforcer notre qualité de vie;Mission 2 : le combat pour l’équité territoriale;Livre et lecture;Direction Culture, Sport, Associations;2011.0;Investissement;12000.0;0.0;0.0;12000.0
Action 6 : renforcer notre qualité de vie;Mission 2 : le combat pour l’équité territoriale;Axe5 FEDER -Prévention des risques et préservation de l'environnement;Direction des politiques européennes;2014.0;Investissement;5200000.0;0.0;-2273508.0;2926492.0
Action 5 : agir au plus près des habitants;Mission 2 : le combat pour l’équité territoriale;Habitat et logement social;Transition énergétique et environnement;2011.0;Investissement;957608.0;0.0;0.0;957608.0
Action 6 : renforcer notre qualité de vie;Mission 2 : le combat pour l’équité territoriale;Biodiversité et littoral;Transition énergétique et environnement;2016.0;Investissement;1487118.0;0.0;0.0;1487118.0
Action 2 : faire des grandes mutations un moteur de production;Mission 1 : le combat pour l’emploi local;Grands équipements structurants et équipements de centres de recherche;Direction de l'Enseignement Supérieur et de la Recherche;2011.0;Investissement;1810412.0;0.0;0.0;1810412.0
Action 2 : faire des grandes mutations un moteur de production;Mission 1 : le combat pour l’emploi local;Pêche maritime;Agriculture, pêche et agroalimentaire;2016.0;Investissement;141250.0;0.0;0.0;141250.0
Action 2 : faire des grandes mutations un moteur de production;Mission 1 : le combat pour l’emploi local;Agriculture et développement durable;Agriculture, pêche et agroalimentaire;2011.0;Investissement;4323843.0;0.0;0.0;4323843.0
Action 2 : faire des grandes mutations un moteur de production;Mission 1 : le combat pour l’emploi local;Actions européennes;Direction des politiques européennes;2016.0;Investissement;0.0;100000.0;0.0;100000.0
Action 1 : faire émerger les PME du futur;Mission 1 : le combat pour l’emploi local;Soutien à l'innovation;Entreprises et innovation;2006.0;Investissement;121132.0;0.0;0.0;121132.0
Action 3 : faire de la formation la garantie des emplois de demain;Mission 1 : le combat pour l’emploi local;Informatisation des lycées publics et ENT;Direction des Lycées;2016.0;Fonctionnement;885000.0;160000.0;0.0;1045000.0
Action 3 : faire de la formation la garantie des emplois de demain;Mission 1 : le combat pour l’emploi local;Emplois aidés;Direction de l'Emploi et de la Formation Professionnelle;2006.0;Fonctionnement;294630.0;0.0;0.0;294630.0
Action 4 : développer les infrastructures et les réseaux de demain;Mission 2 : le combat pour l’équité territoriale;Financement du syndicat mixte aéroportuaire;Transports et mobilités;2016.0;Fonctionnement;230000.0;-163311.0;0.0;66689.0
Action 4 : développer les infrastructures et les réseaux de demain;Mission 2 : le combat pour l’équité territoriale;Infrastructures ferroviaires;Transports et mobilités;2011.0;Investissement;3867645.0;0.0;0.0;3867645.0
Action 5 : agir au plus près des habitants;Mission 2 : le combat pour l’équité territoriale;Développement et animation des territoires;Territoires et ruralité;2016.0;Fonctionnement;266581.0;0.0;0.0;266581.0
Action 7 : des politiques régionales mieux évaluées et plus économes;Mission 3 : le combat pour l’efficacité régionale;Provisions et annul° créances Provisions et annul° créances;Direction des Finances et Commande Publique;2006.0;Fonctionnement;735000.0;1727388.0;0.0;2462388.0
Action 8 : des agents mieux accompagnés et mieux valorisés;Mission 3 : le combat pour l’efficacité régionale;Masse salariale finances Charges patronales Culture;Direction des ressources humaines;2006.0;Fonctionnement;335094.0;0.0;10000.0;345094.0
Action 5 : agir au plus près des habitants;Mission 2 : le combat pour l’équité territoriale;Axe2 FEDER -Accès aux TIC;Direction des politiques européennes;2014.0;Investissement;4000000.0;0.0;1489216.0;5489216.0
Action 2 : faire des grandes mutations un moteur de production;Mission 1 : le combat pour l’emploi local;Programmes de recherche regionaux et interregionaux;Direction de l'Enseignement Supérieur et de la Recherche;2011.0;Investissement;13583312.0;0.0;0.0;13583312.0
Action 2 : faire des grandes mutations un moteur de production;Mission 1 : le combat pour l’emploi local;Soutien aux transitions;Entreprises et innovation;2016.0;Fonctionnement;615900.0;0.0;25000.0;640900.0
Action 7 : des politiques régionales mieux évaluées et plus économes;Mission 3 : le combat pour l’efficacité régionale;E-communication Internet;Direction de la Communication;2006.0;Investissement;10000.0;0.0;0.0;10000.0
Action 3 : faire de la formation la garantie des emplois de demain;Mission 1 : le combat pour l’emploi local;Investissements immobiliers et équipements pédagogiques;Direction de l'Enseignement Supérieur et de la Recherche;2011.0;Investissement;9240678.0;0.0;0.0;9240678.0
Action 3 : faire de la formation la garantie des emplois de demain;Mission 1 : le combat pour l’emploi local;Investissements et équipements des CFA;Direction de l'Apprentissage;2006.0;Investissement;5976000.0;0.0;0.0;5976000.0
Action 3 : faire de la formation la garantie des emplois de demain;Mission 1 : le combat pour l’emploi local;Aides aux employeurs d'apprentis;Direction de l'Apprentissage;2016.0;Fonctionnement;19917100.0;0.0;1000000.0;20917100.0
Action 2 : faire des grandes mutations un moteur de production;Mission 1 : le combat pour l’emploi local;Transition énergétique;Transition énergétique et environnement;2011.0;Investissement;1579876.0;0.0;0.0;1579876.0
Action 1 : faire émerger les PME du futur;Mission 1 : le combat pour l’emploi local;Appui aux filières, croissance bleue et croissance numérique;Entreprises et innovation;2016.0;Investissement;5324815.0;0.0;0.0;5324815.0
Action 2 : faire des grandes mutations un moteur de production;Mission 1 : le combat pour l’emploi local;Accueil de chercheurs, valorisation, ouverture européenne et internationale;Direction de l'Enseignement Supérieur et de la Recherche;2016.0;Fonctionnement;2748056.0;0.0;0.0;2748056.0
Action 2 : faire des grandes mutations un moteur de production;Mission 1 : le combat pour l’emploi local;Actions communes en faveur des filières pêche et aquaculture;Agriculture, pêche et agroalimentaire;2016.0;Investissement;258199.0;0.0;0.0;258199.0
Action 1 : faire émerger les PME du futur;Mission 1 : le combat pour l’emploi local;Appui aux filières, croissance bleue et croissance numérique;Entreprises et innovation;2016.0;Fonctionnement;959752.0;0.0;0.0;959752.0
Action 4 : développer les infrastructures et les réseaux de demain;Mission 2 : le combat pour l’équité territoriale;transports au titre Loi Notre Transports interurbains CD49;Transports et mobilités;2006.0;Investissement;55000.0;0.0;0.0;55000.0
Action 4 : développer les infrastructures et les réseaux de demain;Mission 2 : le combat pour l’équité territoriale;Multimodalité et solutions innovantes;Transports et mobilités;2016.0;Fonctionnement;875600.0;0.0;-620159.0;255441.0
Action 2 : faire des grandes mutations un moteur de production;Mission 1 : le combat pour l’emploi local;Logement et efficacité énergétique;Transition énergétique et environnement;2011.0;Investissement;4793191.0;0.0;0.0;4793191.0
Action 7 : des politiques régionales mieux évaluées et plus économes;Mission 3 : le combat pour l’efficacité régionale;Provisions et annul° créances Provisions et annul° créances;Direction des Finances et Commande Publique;2006.0;Fonctionnement;265000.0;0.0;0.0;265000.0
Action 7 : des politiques régionales mieux évaluées et plus économes;Mission 3 : le combat pour l’efficacité régionale;Bâtiments administratifs Sécurité;Direction du Patrimoine Immobilier;2006.0;Fonctionnement;600000.0;0.0;0.0;600000.0
Action 7 : des politiques régionales mieux évaluées et plus économes;Mission 3 : le combat pour l’efficacité régionale;Assemblées Formation élus;Affaires juridiques et assemblées;2006.0;Fonctionnement;116070.0;35346.0;0.0;151416.0
Action 7 : des politiques régionales mieux évaluées et plus économes;Mission 3 : le combat pour l’efficacité régionale;Etudes préalables;Direction du Patrimoine Immobilier;2016.0;Investissement;500000.0;0.0;0.0;500000.0
Action 8 : des agents mieux accompagnés et mieux valorisés;Mission 3 : le combat pour l’efficacité régionale;Loi NOTRe Dépenses de gestion CREPS;Direction des ressources humaines;2006.0;Fonctionnement;5940.0;0.0;0.0;5940.0
Action 6 : renforcer notre qualité de vie;Mission 2 : le combat pour l’équité territoriale;Livre et lecture;Direction Culture, Sport, Associations;2016.0;Investissement;155000.0;0.0;0.0;155000.0
Action 1 : faire émerger les PME du futur;Mission 1 : le combat pour l’emploi local;Animation économique;Entreprises et innovation;2016.0;Fonctionnement;11651678.0;-66400.0;1647000.0;13232278.0
Action 1 : faire émerger les PME du futur;Mission 1 : le combat pour l’emploi local;Soutien à la création et à la transmission d'entreprises;Entreprises et innovation;2011.0;Investissement;20500.0;0.0;0.0;20500.0
Action 4 : développer les infrastructures et les réseaux de demain;Mission 2 : le combat pour l’équité territoriale;Contrat Etat-Région (2000-2006);Transports et mobilités;2006.0;Investissement;471632.0;-471632.0;0.0;0.0
Action 4 : développer les infrastructures et les réseaux de demain;Mission 2 : le combat pour l’équité territoriale;transports au titre Loi Notre Transports scolaires CD49;Transports et mobilités;2006.0;Fonctionnement;20891000.0;0.0;0.0;20891000.0
Action 5 : agir au plus près des habitants;Mission 2 : le combat pour l’équité territoriale;Actions territoriales;Direction Culture, Sport, Associations;2016.0;Fonctionnement;2129000.0;0.0;0.0;2129000.0
Action 8 : des agents mieux accompagnés et mieux valorisés;Mission 3 : le combat pour l’efficacité régionale;Masse salariale finances Charges patronales EPLE;Direction des ressources humaines;2006.0;Fonctionnement;27670500.0;0.0;-100000.0;27570500.0
Action 8 : des agents mieux accompagnés et mieux valorisés;Mission 3 : le combat pour l’efficacité régionale;Masse salariale finances Charges patronales Siège;Direction des ressources humaines;2006.0;Fonctionnement;14039269.0;0.0;0.0;14039269.0
Action 3 : faire de la formation la garantie des emplois de demain;Mission 1 : le combat pour l’emploi local;Emplois aidés;Direction de l'Emploi et de la Formation Professionnelle;2011.0;Fonctionnement;38000.0;0.0;0.0;38000.0
Action 6 : renforcer notre qualité de vie;Mission 2 : le combat pour l’équité territoriale;Economie circulaire, déchets, risques technologiques;Transition énergétique et environnement;2011.0;Investissement;69120.0;0.0;0.0;69120.0
Action 7 : des politiques régionales mieux évaluées et plus économes;Mission 3 : le combat pour l’efficacité régionale;Administration générale Parc automobile;Administration générale;2006.0;Fonctionnement;304000.0;0.0;0.0;304000.0
Action 3 : faire de la formation la garantie des emplois de demain;Mission 1 : le combat pour l’emploi local;Etudes et promotions;Direction des Lycées;2016.0;Fonctionnement;210000.0;0.0;0.0;210000.0
Action 3 : faire de la formation la garantie des emplois de demain;Mission 1 : le combat pour l’emploi local;Investissement sanitaire et social;Direction de l'Emploi et de la Formation Professionnelle;2011.0;Investissement;1421396.0;0.0;0.0;1421396.0
Action 3 : faire de la formation la garantie des emplois de demain;Mission 1 : le combat pour l’emploi local;Plan d'entretien et de maintenance dans les lycées;Direction du Patrimoine Immobilier;2016.0;Fonctionnement;428500.0;0.0;0.0;428500.0
Action 3 : faire de la formation la garantie des emplois de demain;Mission 1 : le combat pour l’emploi local;Observation, études;Direction de l'Emploi et de la Formation Professionnelle;2011.0;Fonctionnement;104036.0;0.0;0.0;104036.0
Action 3 : faire de la formation la garantie des emplois de demain;Mission 1 : le combat pour l’emploi local;Amélioration des conditions de travail;Direction de l'Emploi et de la Formation Professionnelle;2016.0;Investissement;36270.0;0.0;0.0;36270.0
Action 3 : faire de la formation la garantie des emplois de demain;Mission 1 : le combat pour l’emploi local;Aides sociales;Direction des Lycées;2016.0;Fonctionnement;6202433.0;0.0;500000.0;6702433.0
Action 6 : renforcer notre qualité de vie;Mission 2 : le combat pour l’équité territoriale;Patrimoine;Direction Culture, Sport, Associations;2016.0;Fonctionnement;1778419.0;50000.0;0.0;1828419.0
Action 4 : développer les infrastructures et les réseaux de demain;Mission 2 : le combat pour l’équité territoriale;transports au titre Loi Notre Transports interurbains CD53;Transports et mobilités;2006.0;Fonctionnement;6460500.0;0.0;0.0;6460500.0
Action 4 : développer les infrastructures et les réseaux de demain;Mission 2 : le combat pour l’équité territoriale;Grand Port Maritime de Nantes Saint-Nazaire;Entreprises et innovation;2016.0;Investissement;4323728.0;0.0;0.0;4323728.0
Action 6 : renforcer notre qualité de vie;Mission 2 : le combat pour l’équité territoriale;Axe6 FEDER -Inclusion sociale, lutte contre la pauvreté et les discriminations;Direction des politiques européennes;2014.0;Investissement;5000000.0;0.0;-120640.0;4879360.0
Action 5 : agir au plus près des habitants;Mission 2 : le combat pour l’équité territoriale;Développement et animation des territoires;Territoires et ruralité;2006.0;Fonctionnement;11346.0;0.0;0.0;11346.0
Action 2 : faire des grandes mutations un moteur de production;Mission 1 : le combat pour l’emploi local;Logement et efficacité énergétique;Transition énergétique et environnement;2016.0;Investissement;10398938.0;0.0;0.0;10398938.0
Action 2 : faire des grandes mutations un moteur de production;Mission 1 : le combat pour l’emploi local;Tourisme;Entreprises et innovation;2016.0;Investissement;2864155.0;0.0;0.0;2864155.0
Action 7 : des politiques régionales mieux évaluées et plus économes;Mission 3 : le combat pour l’efficacité régionale;Administration générale Assurances;Direction du Patrimoine Immobilier;2006.0;Fonctionnement;1100000.0;50000.0;0.0;1150000.0
Action 7 : des politiques régionales mieux évaluées et plus économes;Mission 3 : le combat pour l’efficacité régionale;Assemblées Conseil Régional;Affaires juridiques et assemblées;2006.0;Fonctionnement;4765000.0;0.0;0.0;4765000.0
Action 7 : des politiques régionales mieux évaluées et plus économes;Mission 3 : le combat pour l’efficacité régionale;Etudes préalables;Direction du Patrimoine Immobilier;2016.0;Fonctionnement;30000.0;0.0;0.0;30000.0
Action 6 : renforcer notre qualité de vie;Mission 2 : le combat pour l’équité territoriale;Arts visuels;Direction Culture, Sport, Associations;2016.0;Fonctionnement;1903287.0;0.0;0.0;1903287.0
Action 8 : des agents mieux accompagnés et mieux valorisés;Mission 3 : le combat pour l’efficacité régionale;Masse salariale finances Charges salariales Culture;Direction des ressources humaines;2006.0;Fonctionnement;12375.0;0.0;0.0;12375.0
Action 1 : faire émerger les PME du futur;Mission 1 : le combat pour l’emploi local;Appui aux filières, croissance bleue et croissance numérique;Entreprises et innovation;2011.0;Investissement;3331964.0;0.0;0.0;3331964.0
Action 3 : faire de la formation la garantie des emplois de demain;Mission 1 : le combat pour l’emploi local;Contrat Etat-Région : investissements;Direction de l'Enseignement Supérieur et de la Recherche;2006.0;Investissement;1832992.0;0.0;0.0;1832992.0
Action 1 : faire émerger les PME du futur;Mission 1 : le combat pour l’emploi local;Soutien à l'investissement, à la croissance et à l'emploi;Entreprises et innovation;2006.0;Investissement;3157500.0;0.0;0.0;3157500.0
Action 3 : faire de la formation la garantie des emplois de demain;Mission 1 : le combat pour l’emploi local;Aides sociales;Direction des Lycées;2016.0;Investissement;40000.0;0.0;0.0;40000.0
Action 2 : faire des grandes mutations un moteur de production;Mission 1 : le combat pour l’emploi local;Tourisme;Entreprises et innovation;2011.0;Investissement;2675368.0;0.0;0.0;2675368.0
Action 5 : agir au plus près des habitants;Mission 2 : le combat pour l’équité territoriale;Actions territoriales;Direction Culture, Sport, Associations;2016.0;Investissement;945520.0;-200000.0;0.0;745520.0
Action 8 : des agents mieux accompagnés et mieux valorisés;Mission 3 : le combat pour l’efficacité régionale;Dép gestion,form,prest soc Formation EPLE;Direction des ressources humaines;2006.0;Fonctionnement;297000.0;-20000.0;-5000.0;272000.0
Action 8 : des agents mieux accompagnés et mieux valorisés;Mission 3 : le combat pour l’efficacité régionale;Loi NOTRe Masse salariale comp CREPS;Direction des ressources humaines;2006.0;Fonctionnement;5445.0;0.0;0.0;5445.0
Action 4 : développer les infrastructures et les réseaux de demain;Mission 2 : le combat pour l’équité territoriale;transports au titre Loi Notre Transports interurbains CD72;Transports et mobilités;2006.0;Fonctionnement;6624534.0;0.0;0.0;6624534.0
Action 4 : développer les infrastructures et les réseaux de demain;Mission 2 : le combat pour l’équité territoriale;Désenclavement urbain et rural;Transports et mobilités;2011.0;Investissement;775000.0;-144000.0;0.0;631000.0
Action 5 : agir au plus près des habitants;Mission 2 : le combat pour l’équité territoriale;Initiatives de proximité;Direction de la Communication;2016.0;Fonctionnement;134500.0;0.0;0.0;134500.0
Action 2 : faire des grandes mutations un moteur de production;Mission 1 : le combat pour l’emploi local;Grands équipements structurants et équipements de centres de recherche;Direction de l'Enseignement Supérieur et de la Recherche;2011.0;Fonctionnement;125000.0;0.0;0.0;125000.0
Action 2 : faire des grandes mutations un moteur de production;Mission 1 : le combat pour l’emploi local;Rayonnement de la science et coordination scientifique;Direction de l'Enseignement Supérieur et de la Recherche;2016.0;Fonctionnement;1362692.0;0.0;0.0;1362692.0
Action 6 : renforcer notre qualité de vie;Mission 2 : le combat pour l’équité territoriale;Biodiversité et littoral;Transition énergétique et environnement;2016.0;Fonctionnement;3033062.0;0.0;0.0;3033062.0
Action 8 : des agents mieux accompagnés et mieux valorisés;Mission 3 : le combat pour l’efficacité régionale;Masse salariale finances Rému primes non titu Culture;Direction des ressources humaines;2006.0;Fonctionnement;105930.0;0.0;100000.0;205930.0
Action 8 : des agents mieux accompagnés et mieux valorisés;Mission 3 : le combat pour l’efficacité régionale;Masse salariale finances Prestations sociales Culture;Direction des ressources humaines;2006.0;Fonctionnement;3960.0;0.0;0.0;3960.0
Action 3 : faire de la formation la garantie des emplois de demain;Mission 1 : le combat pour l’emploi local;Région - Formation  - Visa social;Direction de l'Emploi et de la Formation Professionnelle;2016.0;Fonctionnement;22800.0;0.0;0.0;22800.0
Action 3 : faire de la formation la garantie des emplois de demain;Mission 1 : le combat pour l’emploi local;Etudes et projets des partenaires sociaux;Direction de l'Emploi et de la Formation Professionnelle;2011.0;Fonctionnement;7547.0;0.0;0.0;7547.0
Action 3 : faire de la formation la garantie des emplois de demain;Mission 1 : le combat pour l’emploi local;Actions éducatives;Direction de l'Apprentissage;2016.0;Fonctionnement;1618320.0;0.0;0.0;1618320.0
Action 1 : faire émerger les PME du futur;Mission 1 : le combat pour l’emploi local;Internationalisation de l’économie;Affaires Internationales;2016.0;Fonctionnement;1130100.0;0.0;0.0;1130100.0
Action 2 : faire des grandes mutations un moteur de production;Mission 1 : le combat pour l’emploi local;Grands équipements structurants et équipements de centres de recherche;Direction de l'Enseignement Supérieur et de la Recherche;2004.0;Investissement;156191.0;0.0;0.0;156191.0
Action 4 : développer les infrastructures et les réseaux de demain;Mission 2 : le combat pour l’équité territoriale;Grand Port Maritime de Nantes Saint-Nazaire;Entreprises et innovation;2011.0;Investissement;3072270.0;0.0;0.0;3072270.0
Action 2 : faire des grandes mutations un moteur de production;Mission 1 : le combat pour l’emploi local;Valorisation des produits halieutiques, Innovation et Actions collectives;Agriculture, pêche et agroalimentaire;2016.0;Investissement;338750.0;0.0;0.0;338750.0
Action 2 : faire des grandes mutations un moteur de production;Mission 1 : le combat pour l’emploi local;Soutien aux transitions;Entreprises et innovation;2011.0;Investissement;11400.0;0.0;0.0;11400.0
Action 3 : faire de la formation la garantie des emplois de demain;Mission 1 : le combat pour l’emploi local;Région - Formation  - Accès évolution;Direction de l'Emploi et de la Formation Professionnelle;2016.0;Fonctionnement;1804434.0;0.0;0.0;1804434.0
Action 8 : des agents mieux accompagnés et mieux valorisés;Mission 3 : le combat pour l’efficacité régionale;Masse salariale complémentaire Masse salariale comp CULTURE;Direction des ressources humaines;2006.0;Fonctionnement;10890.0;0.0;0.0;10890.0
Action 8 : des agents mieux accompagnés et mieux valorisés;Mission 3 : le combat pour l’efficacité régionale;Masse salariale finances Dépenses annexes SIEGE;Direction des ressources humaines;2006.0;Fonctionnement;966042.0;0.0;0.0;966042.0
Action 8 : des agents mieux accompagnés et mieux valorisés;Mission 3 : le combat pour l’efficacité régionale;Charges de personnel Siège Collaborateurs d'élus;Direction des ressources humaines;2006.0;Fonctionnement;890000.0;0.0;15716.0;905716.0
Action 8 : des agents mieux accompagnés et mieux valorisés;Mission 3 : le combat pour l’efficacité régionale;Loi NOTRe Aides sociales Transport;Direction des ressources humaines;2006.0;Fonctionnement;990.0;0.0;0.0;990.0
Action 1 : faire émerger les PME du futur;Mission 1 : le combat pour l’emploi local;Appui à la performance - Aide au conseil;Entreprises et innovation;2011.0;Fonctionnement;2496.0;0.0;0.0;2496.0
Action 1 : faire émerger les PME du futur;Mission 1 : le combat pour l’emploi local;Economie résidentielle;Entreprises et innovation;2016.0;Investissement;2742500.0;0.0;0.0;2742500.0
Action 4 : développer les infrastructures et les réseaux de demain;Mission 2 : le combat pour l’équité territoriale;transports au titre Loi Notre Transports scolaires CD44;Transports et mobilités;2006.0;Fonctionnement;47255738.0;0.0;2180109.0;49435847.0
Action 4 : développer les infrastructures et les réseaux de demain;Mission 2 : le combat pour l’équité territoriale;transports au titre Loi Notre Transports interurbains CD49;Transports et mobilités;2006.0;Fonctionnement;11595000.0;0.0;0.0;11595000.0
Action 8 : des agents mieux accompagnés et mieux valorisés;Mission 3 : le combat pour l’efficacité régionale;Loi NOTRe Masse salariale comp TRANSPORT;Direction des ressources humaines;2006.0;Fonctionnement;17325.0;0.0;0.0;17325.0
Action 1 : faire émerger les PME du futur;Mission 1 : le combat pour l’emploi local;Soutien à l'innovation;Entreprises et innovation;2016.0;Fonctionnement;775300.0;0.0;30000.0;805300.0
Action 8 : des agents mieux accompagnés et mieux valorisés;Mission 3 : le combat pour l’efficacité régionale;Dép gestion,form,prest soc Dépenses direction générale;Direction des ressources humaines;2006.0;Fonctionnement;330000.0;0.0;20000.0;350000.0
Action 8 : des agents mieux accompagnés et mieux valorisés;Mission 3 : le combat pour l’efficacité régionale;Dép gestion,form,prest soc Formation culture;Direction des ressources humaines;2006.0;Fonctionnement;19800.0;-10000.0;-5000.0;4800.0
Action 3 : faire de la formation la garantie des emplois de demain;Mission 1 : le combat pour l’emploi local;Fonctionnement des établissements privés sous contrat d'association;Direction des Lycées;2016.0;Fonctionnement;37459387.0;0.0;0.0;37459387.0
Action 3 : faire de la formation la garantie des emplois de demain;Mission 1 : le combat pour l’emploi local;Fonctionnement des établissements d'enseignement supérieur et soutien aux initiatives des acteurs de la vie étudiante;Direction de l'Enseignement Supérieur et de la Recherche;2011.0;Fonctionnement;350000.0;0.0;0.0;350000.0
Action 3 : faire de la formation la garantie des emplois de demain;Mission 1 : le combat pour l’emploi local;Gestion financière de l'ensemble des dépenses de fonctionnement et des rémunérations;Direction de l'Emploi et de la Formation Professionnelle;2011.0;Fonctionnement;208468.0;0.0;0.0;208468.0
Action 3 : faire de la formation la garantie des emplois de demain;Mission 1 : le combat pour l’emploi local;Investissement Formation Professionnelle Continue;Direction de l'Emploi et de la Formation Professionnelle;2006.0;Investissement;193913.0;0.0;0.0;193913.0
Action 3 : faire de la formation la garantie des emplois de demain;Mission 1 : le combat pour l’emploi local;Fonctionnement du dispositif;Direction de l'Apprentissage;2016.0;Fonctionnement;96284500.0;1300000.0;0.0;97584500.0
Action 3 : faire de la formation la garantie des emplois de demain;Mission 1 : le combat pour l’emploi local;Bourses sanitaires et sociales;Direction de l'Emploi et de la Formation Professionnelle;2016.0;Fonctionnement;2305443.0;0.0;0.0;2305443.0
Action 3 : faire de la formation la garantie des emplois de demain;Mission 1 : le combat pour l’emploi local;Etudes et promotion;Direction de l'Apprentissage;2016.0;Fonctionnement;146400.0;0.0;0.0;146400.0
Action 6 : renforcer notre qualité de vie;Mission 2 : le combat pour l’équité territoriale;Vie associative, égalité homme-femme, bénévolat et lutte contre la grande précarité;Direction Culture, Sport, Associations;2016.0;Fonctionnement;108823.0;0.0;0.0;108823.0
Action 4 : développer les infrastructures et les réseaux de demain;Mission 2 : le combat pour l’équité territoriale;Politique routière d'intérêt régional;Transports et mobilités;2016.0;Investissement;10000000.0;3000000.0;0.0;13000000.0
Action 4 : développer les infrastructures et les réseaux de demain;Mission 2 : le combat pour l’équité territoriale;Fonctionnement du réseau de transport régional;Transports et mobilités;2011.0;Fonctionnement;3630767.0;0.0;0.0;3630767.0
Action 4 : développer les infrastructures et les réseaux de demain;Mission 2 : le combat pour l’équité territoriale;Infrastructures ferroviaires;Transports et mobilités;2016.0;Investissement;13667741.0;13464018.0;0.0;27131759.0
Action 5 : agir au plus près des habitants;Mission 2 : le combat pour l’équité territoriale;Santé publique, vieillissement, et politique du handicap;Territoires et ruralité;2016.0;Investissement;2270000.0;0.0;0.0;2270000.0
Action 7 : des politiques régionales mieux évaluées et plus économes;Mission 3 : le combat pour l’efficacité régionale;Dép gestion,form,prest soc Communication interne;Direction de la Communication;2006.0;Fonctionnement;260000.0;0.0;0.0;260000.0
Action 2 : faire des grandes mutations un moteur de production;Mission 1 : le combat pour l’emploi local;Qualité et commercialisation des produits de la mer;Agriculture, pêche et agroalimentaire;2016.0;Investissement;171607.0;0.0;0.0;171607.0
Action 2 : faire des grandes mutations un moteur de production;Mission 1 : le combat pour l’emploi local;Actions communes en faveur des filières pêche et aquaculture;Agriculture, pêche et agroalimentaire;2016.0;Fonctionnement;28000.0;0.0;0.0;28000.0
Action 2 : faire des grandes mutations un moteur de production;Mission 1 : le combat pour l’emploi local;Agriculture et développement durable;Agriculture, pêche et agroalimentaire;2006.0;Investissement;10000.0;0.0;0.0;10000.0
Action 7 : des politiques régionales mieux évaluées et plus économes;Mission 3 : le combat pour l’efficacité régionale;Audiovisuel régional;Direction de la Communication;2016.0;Fonctionnement;390000.0;0.0;0.0;390000.0
Action 6 : renforcer notre qualité de vie;Mission 2 : le combat pour l’équité territoriale;Autonomie des jeunes;Direction Culture, Sport, Associations;2016.0;Fonctionnement;2950000.0;-25000.0;0.0;2925000.0
Action 8 : des agents mieux accompagnés et mieux valorisés;Mission 3 : le combat pour l’efficacité régionale;Masse salariale finances Rému et primes titu EPLE;Direction des ressources humaines;2006.0;Fonctionnement;59796000.0;0.0;0.0;59796000.0
Action 1 : faire émerger les PME du futur;Mission 1 : le combat pour l’emploi local;Axe3 FEDER -Compétitivité des PME;Direction des politiques européennes;2014.0;Investissement;1300000.0;0.0;1165841.0;2465841.0
Action 2 : faire des grandes mutations un moteur de production;Mission 1 : le combat pour l’emploi local;Grands équipements structurants et équipements de centres de recherche;Direction de l'Enseignement Supérieur et de la Recherche;2006.0;Investissement;1640925.0;0.0;0.0;1640925.0
Action 3 : faire de la formation la garantie des emplois de demain;Mission 1 : le combat pour l’emploi local;Amélioration des conditions de travail;Direction de l'Emploi et de la Formation Professionnelle;2011.0;Investissement;45950.0;0.0;0.0;45950.0
Action 7 : des politiques régionales mieux évaluées et plus économes;Mission 3 : le combat pour l’efficacité régionale;Fonds Régional d'Intervention, d'Etudes et de Promotion;Direction de la Communication;2016.0;Fonctionnement;95000.0;0.0;0.0;95000.0
Action 2 : faire des grandes mutations un moteur de production;Mission 1 : le combat pour l’emploi local;Axe1 FEDER -Recherche, developpement technologique et innovation;Direction des politiques européennes;2014.0;Investissement;14500000.0;0.0;-5482111.0;9017889.0
Action 2 : faire des grandes mutations un moteur de production;Mission 1 : le combat pour l’emploi local;Tourisme;Entreprises et innovation;2016.0;Fonctionnement;223550.0;0.0;-85000.0;138550.0
Action 6 : renforcer notre qualité de vie;Mission 2 : le combat pour l’équité territoriale;Agenda 21 - coordination;Transition énergétique et environnement;2016.0;Fonctionnement;45940.0;0.0;0.0;45940.0
Action 8 : des agents mieux accompagnés et mieux valorisés;Mission 3 : le combat pour l’efficacité régionale;Masse salariale complémentaire Masse salariale comp SIEGE;Direction des ressources humaines;2006.0;Fonctionnement;221178.0;0.0;0.0;221178.0
Action 3 : faire de la formation la garantie des emplois de demain;Mission 1 : le combat pour l’emploi local;RÉGION FORMATION - PRÉPA;Direction de l'Emploi et de la Formation Professionnelle;2016.0;Fonctionnement;8970480.0;2674173.0;0.0;11644653.0
Action 7 : des politiques régionales mieux évaluées et plus économes;Mission 3 : le combat pour l’efficacité régionale;Opérations comptables Opérations comptables 934;Direction des Finances et Commande Publique;2006.0;Fonctionnement;2000.0;0.0;0.0;2000.0
Action 7 : des politiques régionales mieux évaluées et plus économes;Mission 3 : le combat pour l’efficacité régionale;Observation régionale - Etudes et expertises;Administration générale;2011.0;Fonctionnement;7000.0;0.0;0.0;7000.0
Action 7 : des politiques régionales mieux évaluées et plus économes;Mission 3 : le combat pour l’efficacité régionale;E-communication Multimédia;Direction de la Communication;2006.0;Fonctionnement;213900.0;0.0;0.0;213900.0
Action 2 : faire des grandes mutations un moteur de production;Mission 1 : le combat pour l’emploi local;Transition énergétique;Transition énergétique et environnement;2016.0;Fonctionnement;1250000.0;-30000.0;0.0;1220000.0
Action 2 : faire des grandes mutations un moteur de production;Mission 1 : le combat pour l’emploi local;Tourisme;Entreprises et innovation;2006.0;Investissement;612375.0;0.0;0.0;612375.0
Action 7 : des politiques régionales mieux évaluées et plus économes;Mission 3 : le combat pour l’efficacité régionale;Emprunt - Opérations courantes Annuités;Direction des Finances et Commande Publique;2006.0;Investissement;46017000.0;0.0;0.0;46017000.0
Action 7 : des politiques régionales mieux évaluées et plus économes;Mission 3 : le combat pour l’efficacité régionale;Administration générale Parc automobile;Administration générale;2006.0;Investissement;140000.0;0.0;0.0;140000.0
Action 3 : faire de la formation la garantie des emplois de demain;Mission 1 : le combat pour l’emploi local;Orientation professionnelle - Analyseet prospective de l'emploi et des format;Direction de l'Emploi et de la Formation Professionnelle;2016.0;Fonctionnement;5145457.0;260000.0;0.0;5405457.0
Action 3 : faire de la formation la garantie des emplois de demain;Mission 1 : le combat pour l’emploi local;Investissement sanitaire et social;Direction de l'Emploi et de la Formation Professionnelle;2016.0;Investissement;1046000.0;0.0;0.0;1046000.0
Action 8 : des agents mieux accompagnés et mieux valorisés;Mission 3 : le combat pour l’efficacité régionale;Masse salariale finances Rému et primes non titu EPLE;Direction des ressources humaines;2006.0;Fonctionnement;9384903.0;0.0;-650000.0;8734903.0
Action 8 : des agents mieux accompagnés et mieux valorisés;Mission 3 : le combat pour l’efficacité régionale;Dép gestion,form,prest soc Aides sociales SIEGE;Direction des ressources humaines;2006.0;Fonctionnement;59400.0;-10000.0;0.0;49400.0
Action 8 : des agents mieux accompagnés et mieux valorisés;Mission 3 : le combat pour l’efficacité régionale;Loi NOTRe Aides sociales CREPS;Direction des ressources humaines;2006.0;Fonctionnement;990.0;0.0;0.0;990.0
Action 8 : des agents mieux accompagnés et mieux valorisés;Mission 3 : le combat pour l’efficacité régionale;Loi NOTRe Formation CREPS;Direction des ressources humaines;2006.0;Fonctionnement;29700.0;-20000.0;-5000.0;4700.0
Action 5 : agir au plus près des habitants;Mission 2 : le combat pour l’équité territoriale;Santé publique, vieillissement, et politique du handicap;Territoires et ruralité;2016.0;Fonctionnement;1957000.0;0.0;0.0;1957000.0
Action 6 : renforcer notre qualité de vie;Mission 2 : le combat pour l’équité territoriale;Arts de la scène;Direction Culture, Sport, Associations;2016.0;Fonctionnement;6583195.0;0.0;0.0;6583195.0
Action 1 : faire émerger les PME du futur;Mission 1 : le combat pour l’emploi local;Appui à la performance - Aide au conseil;Entreprises et innovation;2016.0;Fonctionnement;11100.0;0.0;0.0;11100.0
Action 4 : développer les infrastructures et les réseaux de demain;Mission 2 : le combat pour l’équité territoriale;Points d'arrêt et investissements en faveur de l'intermodalité;Transports et mobilités;2006.0;Investissement;74879.0;0.0;0.0;74879.0
Action 8 : des agents mieux accompagnés et mieux valorisés;Mission 3 : le combat pour l’efficacité régionale;Loi NOTRe Rému primes NON titu Transport;Direction des ressources humaines;2006.0;Fonctionnement;432500.0;0.0;-30000.0;402500.0
Action 2 : faire des grandes mutations un moteur de production;Mission 1 : le combat pour l’emploi local;Gestion fonds europ.2014-2020 FEAMP;Agriculture, pêche et agroalimentaire;2006.0;Investissement;1700000.0;0.0;0.0;1700000.0
Action 6 : renforcer notre qualité de vie;Mission 2 : le combat pour l’équité territoriale;Vie associative, égalité homme-femme, bénévolat et lutte contre la grande précarité;Direction Culture, Sport, Associations;2016.0;Fonctionnement;1170090.0;0.0;0.0;1170090.0
Action 6 : renforcer notre qualité de vie;Mission 2 : le combat pour l’équité territoriale;Patrimoine;Direction Culture, Sport, Associations;2011.0;Fonctionnement;3431.0;0.0;0.0;3431.0
Action 8 : des agents mieux accompagnés et mieux valorisés;Mission 3 : le combat pour l’efficacité régionale;Dép gestion,form,prest soc Dépenses de gestion Siège;Direction des ressources humaines;2006.0;Fonctionnement;990000.0;10000.0;10000.0;1010000.0
Action 7 : des politiques régionales mieux évaluées et plus économes;Mission 3 : le combat pour l’efficacité régionale;Signalétique Signalétique promotionnelle;Direction de la Communication;2006.0;Fonctionnement;145000.0;0.0;0.0;145000.0
Action 8 : des agents mieux accompagnés et mieux valorisés;Mission 3 : le combat pour l’efficacité régionale;Loi NOTRe Charges patronales CREPS;Direction des ressources humaines;2006.0;Fonctionnement;84150.0;0.0;0.0;84150.0
Action 8 : des agents mieux accompagnés et mieux valorisés;Mission 3 : le combat pour l’efficacité régionale;Loi NOTRe Formation Transport;Direction des ressources humaines;2006.0;Fonctionnement;39600.0;-15000.0;-5000.0;19600.0
Action 3 : faire de la formation la garantie des emplois de demain;Mission 1 : le combat pour l’emploi local;Equipements des E.P.L.E.;Direction des Lycées;2016.0;Fonctionnement;10000.0;150000.0;0.0;160000.0
Action 3 : faire de la formation la garantie des emplois de demain;Mission 1 : le combat pour l’emploi local;Fonctionnement des E.P.L.E.;Direction des Lycées;2016.0;Investissement;180000.0;0.0;0.0;180000.0
Action 3 : faire de la formation la garantie des emplois de demain;Mission 1 : le combat pour l’emploi local;Fonds annuel d'intervention;Direction du Patrimoine Immobilier;2016.0;Investissement;2000000.0;0.0;0.0;2000000.0
Action 3 : faire de la formation la garantie des emplois de demain;Mission 1 : le combat pour l’emploi local;Plan national - 500 000 formations;Direction de l'Emploi et de la Formation Professionnelle;2016.0;Fonctionnement;3202832.0;0.0;0.0;3202832.0
Action 3 : faire de la formation la garantie des emplois de demain;Mission 1 : le combat pour l’emploi local;Je m'oriente, je me prépare;Direction de l'Emploi et de la Formation Professionnelle;2011.0;Fonctionnement;800324.0;0.0;0.0;800324.0
Action 3 : faire de la formation la garantie des emplois de demain;Mission 1 : le combat pour l’emploi local;Acquisition et développement des compétences clés;Direction de l'Emploi et de la Formation Professionnelle;2011.0;Fonctionnement;1188322.0;0.0;0.0;1188322.0
Action 3 : faire de la formation la garantie des emplois de demain;Mission 1 : le combat pour l’emploi local;Etudes et projets des partenaires sociaux;Direction de l'Emploi et de la Formation Professionnelle;2016.0;Fonctionnement;107703.0;0.0;0.0;107703.0
Action 3 : faire de la formation la garantie des emplois de demain;Mission 1 : le combat pour l’emploi local;Aides aux employeurs d'apprentis;Direction de l'Apprentissage;2011.0;Fonctionnement;1505000.0;0.0;0.0;1505000.0
Action 7 : des politiques régionales mieux évaluées et plus économes;Mission 3 : le combat pour l’efficacité régionale;Administration générale Service des marchés publics;Direction des Finances et Commande Publique;2006.0;Investissement;120000.0;-120000.0;0.0;0.0
Action 5 : agir au plus près des habitants;Mission 2 : le combat pour l’équité territoriale;Actions territoriales;Direction Culture, Sport, Associations;2011.0;Fonctionnement;135000.0;0.0;0.0;135000.0
Action 7 : des politiques régionales mieux évaluées et plus économes;Mission 3 : le combat pour l’efficacité régionale;Provisions et annul° créances Provisions et annul° créances;Direction des Finances et Commande Publique;2006.0;Investissement;300000.0;0.0;0.0;300000.0
Action 7 : des politiques régionales mieux évaluées et plus économes;Mission 3 : le combat pour l’efficacité régionale;Emprunt - Opérations courantes Annuités;Direction des Finances et Commande Publique;2006.0;Fonctionnement;38000000.0;-5000000.0;0.0;33000000.0
Action 7 : des politiques régionales mieux évaluées et plus économes;Mission 3 : le combat pour l’efficacité régionale;Etudes et  actions énergétiques;Direction du Patrimoine Immobilier;2016.0;Fonctionnement;50000.0;0.0;0.0;50000.0
Action 2 : faire des grandes mutations un moteur de production;Mission 1 : le combat pour l’emploi local;Aquaculture;Agriculture, pêche et agroalimentaire;2011.0;Investissement;7859.0;0.0;0.0;7859.0
Action 2 : faire des grandes mutations un moteur de production;Mission 1 : le combat pour l’emploi local;Actions communes en faveur des filières pêche et aquaculture;Agriculture, pêche et agroalimentaire;2011.0;Investissement;97956.0;0.0;0.0;97956.0
Action 1 : faire émerger les PME du futur;Mission 1 : le combat pour l’emploi local;Rayonnement à l'international;Affaires Internationales;2011.0;Fonctionnement;15480.0;0.0;0.0;15480.0
Action 1 : faire émerger les PME du futur;Mission 1 : le combat pour l’emploi local;Economie résidentielle;Entreprises et innovation;2011.0;Investissement;742500.0;0.0;0.0;742500.0
