Action;Mission;Programme;Code programme;Numéro d'Autorisation de Programme;Politique;Année d'ouverture de l'AP;Section;Montant BP;Montant DM;Montant Total;Montant BS
Action 1 : faire émerger les PME du futur;Mission 1 : le combat pour l’emploi local;Soutien à la création et à la transmission d'entreprises;513;1;Entreprises et innovation;2016.0;Investissement;1985000.0;0.0;1985000.0;0.0
Action 1 : faire émerger les PME du futur;Mission 1 : le combat pour l’emploi local;Internationalisation de l’économie;166;1;Affaires Internationales;2016.0;Investissement;4291075.0;0.0;4291075.0;0.0
Action 5 : agir au plus près des habitants;Mission 2 : le combat pour l’équité territoriale;Economie de proximité et relations agriculture, alimentation et territoire;114;1;Agriculture, pêche et agroalimentaire;2004.0;Investissement;100000.0;0.0;100000.0;0.0
Action 3 : faire de la formation la garantie des emplois de demain;Mission 1 : le combat pour l’emploi local;Etudes et projets des partenaires sociaux;402;2;Direction de l'Emploi et de la Formation Professionnelle;2011.0;Fonctionnement;0.0;4954.0;4954.0;0.0
Action 2 : faire des grandes mutations un moteur de production;Mission 1 : le combat pour l’emploi local;Transition énergétique;285;1;Transition énergétique et environnement;2016.0;Investissement;9500000.0;-990000.0;8500000.0;-10000.0
Action 2 : faire des grandes mutations un moteur de production;Mission 1 : le combat pour l’emploi local;Axe1 FEDER -Recherche, developpement technologique et innovation;421;1;Direction des politiques européennes;2014.0;Investissement;5500000.0;1000000.0;6500000.0;0.0
Action 2 : faire des grandes mutations un moteur de production;Mission 1 : le combat pour l’emploi local;Pêche maritime;192;2;Agriculture, pêche et agroalimentaire;2011.0;Fonctionnement;5000.0;0.0;5000.0;0.0
Action 6 : renforcer notre qualité de vie;Mission 2 : le combat pour l’équité territoriale;Gestion de l'eau dans les bassins versants;286;1;Transition énergétique et environnement;2011.0;Investissement;2600000.0;-320000.0;2280000.0;0.0
Action 7 : des politiques régionales mieux évaluées et plus économes;Mission 3 : le combat pour l’efficacité régionale;Assemblées Conseil Economique et Social;ASS CESR;1;CESER;2006.0;Fonctionnement;1800000.0;0.0;1800000.0;0.0
Action 6 : renforcer notre qualité de vie;Mission 2 : le combat pour l’équité territoriale;Sport pour tous;288;1;Direction Culture, Sport, Associations;2016.0;Investissement;360000.0;0.0;360000.0;0.0
Action 7 : des politiques régionales mieux évaluées et plus économes;Mission 3 : le combat pour l’efficacité régionale;Opérations comptables Opérations comptables;OCOMP OC943;1;Direction des Finances et Commande Publique;2006.0;Fonctionnement;31000.0;0.0;31000.0;0.0
Action 7 : des politiques régionales mieux évaluées et plus économes;Mission 3 : le combat pour l’efficacité régionale;Assemblées Présidence;ASS PRES;1;Secrétariat général;2006.0;Fonctionnement;75000.0;0.0;75000.0;0.0
Action 7 : des politiques régionales mieux évaluées et plus économes;Mission 3 : le combat pour l’efficacité régionale;transports au titre Loi Notre Reversement CVAE loi Notre;TRANS CVAE;1;Direction des Finances et Commande Publique;2006.0;Fonctionnement;43829908.0;0.0;0.0;-43829908.0
Action 8 : des agents mieux accompagnés et mieux valorisés;Mission 3 : le combat pour l’efficacité régionale;Dép gestion,form,prest soc Formation EPLE;DGFPS FORM2;1;Direction des ressources humaines;2006.0;Fonctionnement;250000.0;0.0;250000.0;0.0
Action 1 : faire émerger les PME du futur;Mission 1 : le combat pour l’emploi local;Rayonnement à l'international;519;1;Affaires Internationales;2016.0;Investissement;424277.0;0.0;424277.0;0.0
Action 4 : développer les infrastructures et les réseaux de demain;Mission 2 : le combat pour l’équité territoriale;Grand Port Maritime de Nantes Saint-Nazaire;246;1;Entreprises et innovation;2006.0;Investissement;2321000.0;0.0;2321000.0;0.0
Action 4 : développer les infrastructures et les réseaux de demain;Mission 2 : le combat pour l’équité territoriale;transports au titre Loi Notre Transports interurbains;TRANS INTE;1;Direction des Finances et Commande Publique;2006.0;Fonctionnement;47207758.0;0.0;47207758.0;0.0
Action 7 : des politiques régionales mieux évaluées et plus économes;Mission 3 : le combat pour l’efficacité régionale;Bâtiments administratifs Loyers et charges;BATI LOCX;1;Direction du Patrimoine Immobilier;2006.0;Investissement;6000.0;0.0;6000.0;0.0
Action 7 : des politiques régionales mieux évaluées et plus économes;Mission 3 : le combat pour l’efficacité régionale;Administration générale Conseil juridique;ADGEN JUR;1;Affaires Juridiques;2006.0;Fonctionnement;220000.0;0.0;220000.0;0.0
Action 6 : renforcer notre qualité de vie;Mission 2 : le combat pour l’équité territoriale;Patrimoine;197;2;Direction Culture, Sport, Associations;2016.0;Fonctionnement;1619538.0;0.0;1919538.0;300000.0
Action 3 : faire de la formation la garantie des emplois de demain;Mission 1 : le combat pour l’emploi local;Amélioration des conditions de travail;399;2;Direction de l'Emploi et de la Formation Professionnelle;2016.0;Fonctionnement;157700.0;-7885.0;149815.0;0.0
Action 4 : développer les infrastructures et les réseaux de demain;Mission 2 : le combat pour l’équité territoriale;Désenclavement urbain et rural;305;1;Transports et mobilités;2006.0;Investissement;800000.0;99667.0;899667.0;0.0
Action 4 : développer les infrastructures et les réseaux de demain;Mission 2 : le combat pour l’équité territoriale;transports au titre Loi Notre Transports scolaires CD85;NOT85 SCO85;1;Transports et mobilités;2006.0;Fonctionnement;0.0;2166967.0;2166967.0;0.0
Action 5 : agir au plus près des habitants;Mission 2 : le combat pour l’équité territoriale;Santé publique, vieillissement, et politique du handicap;188;2;Territoires et ruralité;2011.0;Fonctionnement;12500.0;0.0;12500.0;0.0
Action 7 : des politiques régionales mieux évaluées et plus économes;Mission 3 : le combat pour l’efficacité régionale;Administration générale Fournitures et services;ADGEN FOUR;1;Secrétariat général;2006.0;Fonctionnement;669000.0;0.0;669000.0;0.0
Action 9 : une administration plus innovante;Mission 3 : le combat pour l’efficacité régionale;Investissements informatiques;15003;1;Transformation Numérique;2016.0;Investissement;145000.0;0.0;145000.0;0.0
Action 4 : développer les infrastructures et les réseaux de demain;Mission 2 : le combat pour l’équité territoriale;Multimodalité et solutions innovantes;359;2;Transports et mobilités;2011.0;Fonctionnement;362542.0;-40183.0;322359.0;0.0
Action 5 : agir au plus près des habitants;Mission 2 : le combat pour l’équité territoriale;Renouvellement urbain;349;1;Transition énergétique et environnement;2011.0;Investissement;5300000.0;-1160000.0;4140000.0;0.0
Action 6 : renforcer notre qualité de vie;Mission 2 : le combat pour l’équité territoriale;Arts visuels;315;1;Direction Culture, Sport, Associations;2016.0;Investissement;1771908.0;0.0;1771908.0;0.0
Action 8 : des agents mieux accompagnés et mieux valorisés;Mission 3 : le combat pour l’efficacité régionale;Dép gestion,form,prest soc Autres charges perso EPLE;DGFPS ACHP2;1;Direction des ressources humaines;2006.0;Fonctionnement;630000.0;49000.0;679000.0;0.0
Action 8 : des agents mieux accompagnés et mieux valorisés;Mission 3 : le combat pour l’efficacité régionale;Charges de personnel EPLE Rému et primes titu EPLE;CHPE2 TIT2;1;Direction des ressources humaines;2006.0;Fonctionnement;58778000.0;0.0;59215700.0;437700.0
Action 4 : développer les infrastructures et les réseaux de demain;Mission 2 : le combat pour l’équité territoriale;Fonctionnement du réseau de transport régional;104;2;Transports et mobilités;2006.0;Fonctionnement;0.0;27310.0;27310.0;0.0
Action 4 : développer les infrastructures et les réseaux de demain;Mission 2 : le combat pour l’équité territoriale;Infrastructures ferroviaires;107;1;Transports et mobilités;2011.0;Investissement;5462517.0;2037729.0;7500246.0;0.0
Action 7 : des politiques régionales mieux évaluées et plus économes;Mission 3 : le combat pour l’efficacité régionale;Administration générale Assurances;ADGEN ASSUR;1;Direction du Patrimoine Immobilier;2006.0;Fonctionnement;1000000.0;0.0;1000000.0;0.0
Action 1 : faire émerger les PME du futur;Mission 1 : le combat pour l’emploi local;Animation économique;516;2;Entreprises et innovation;2016.0;Fonctionnement;10028170.0;600000.0;12693765.0;2065595.0
Action 7 : des politiques régionales mieux évaluées et plus économes;Mission 3 : le combat pour l’efficacité régionale;Provisions et annul° créances Provisions et annul° créances;ANVA ANVA;1;Direction des Finances et Commande Publique;2006.0;Investissement;500000.0;0.0;500000.0;0.0
Action 5 : agir au plus près des habitants;Mission 2 : le combat pour l’équité territoriale;Economie de proximité et relations agriculture, alimentation et territoire;114;1;Agriculture, pêche et agroalimentaire;2011.0;Investissement;572780.0;0.0;572780.0;0.0
Action 3 : faire de la formation la garantie des emplois de demain;Mission 1 : le combat pour l’emploi local;Pacte éducatif régional;339;2;Direction des Lycées;2011.0;Fonctionnement;165000.0;0.0;165000.0;0.0
Action 3 : faire de la formation la garantie des emplois de demain;Mission 1 : le combat pour l’emploi local;Etudes et promotion;387;2;Direction de l'Apprentissage;2011.0;Fonctionnement;95701.0;-68030.0;27671.0;0.0
Action 2 : faire des grandes mutations un moteur de production;Mission 1 : le combat pour l’emploi local;Tourisme;431;1;Entreprises et innovation;2011.0;Investissement;2700000.0;0.0;2700000.0;0.0
Action 4 : développer les infrastructures et les réseaux de demain;Mission 2 : le combat pour l’équité territoriale;Points d'arrêt et investissements en faveur de l'intermodalité;221;1;Transports et mobilités;2006.0;Investissement;185683.0;84713.0;270396.0;0.0
Action 5 : agir au plus près des habitants;Mission 2 : le combat pour l’équité territoriale;Axe2 FEDER -Accès aux TIC;422;1;Direction des politiques européennes;2014.0;Investissement;1000000.0;0.0;1000000.0;0.0
Action 3 : faire de la formation la garantie des emplois de demain;Mission 1 : le combat pour l’emploi local;Plan d'entretien et de maintenance dans les lycées;404;1;Direction du Patrimoine Immobilier;2016.0;Investissement;1217728.0;0.0;1217728.0;0.0
Action 3 : faire de la formation la garantie des emplois de demain;Mission 1 : le combat pour l’emploi local;Investissement sanitaire et social;373;1;Direction de l'Emploi et de la Formation Professionnelle;2011.0;Investissement;1026175.0;-526046.0;500129.0;0.0
Action 3 : faire de la formation la garantie des emplois de demain;Mission 1 : le combat pour l’emploi local;Orientation - Valorisation des métiers;255;2;Direction de l'Apprentissage;2016.0;Fonctionnement;744050.0;0.0;819050.0;75000.0
Action 3 : faire de la formation la garantie des emplois de demain;Mission 1 : le combat pour l’emploi local;Logement pour les jeunes;325;1;Transition énergétique et environnement;2011.0;Investissement;2100000.0;-100000.0;2000000.0;0.0
Action 6 : renforcer notre qualité de vie;Mission 2 : le combat pour l’équité territoriale;Economie circulaire, déchets, risques technologiques;389;1;Transition énergétique et environnement;2016.0;Investissement;200000.0;-70000.0;130000.0;0.0
Action 5 : agir au plus près des habitants;Mission 2 : le combat pour l’équité territoriale;Equipements structurants d'intérêt régional;92;1;Direction Culture, Sport, Associations;2016.0;Investissement;5313859.0;0.0;5313859.0;0.0
Action 6 : renforcer notre qualité de vie;Mission 2 : le combat pour l’équité territoriale;Eau et Loire;429;2;Transition énergétique et environnement;2016.0;Fonctionnement;660000.0;-20000.0;610000.0;-30000.0
Action 3 : faire de la formation la garantie des emplois de demain;Mission 1 : le combat pour l’emploi local;Etudes et promotion;387;2;Direction de l'Apprentissage;2016.0;Fonctionnement;209400.0;-44930.0;164470.0;0.0
Action 7 : des politiques régionales mieux évaluées et plus économes;Mission 3 : le combat pour l’efficacité régionale;Emprunt - Opérations courantes Produits de trésorerie;SDETT TRESO;1;Direction des Finances et Commande Publique;2006.0;Fonctionnement;400000.0;0.0;400000.0;0.0
Action 7 : des politiques régionales mieux évaluées et plus économes;Mission 3 : le combat pour l’efficacité régionale;E-communication Multimédia;ECOM MULTI;1;Direction de la Communication;2006.0;Fonctionnement;281380.0;0.0;281380.0;0.0
Action 9 : une administration plus innovante;Mission 3 : le combat pour l’efficacité régionale;Schéma Directeur Numérique 2017-2021;531;2;Transformation Numérique;2016.0;Fonctionnement;2381000.0;0.0;3181000.0;800000.0
Action 1 : faire émerger les PME du futur;Mission 1 : le combat pour l’emploi local;Soutien à l'investissement, à la croissance et à l'emploi;511;1;Entreprises et innovation;2016.0;Investissement;24080000.0;0.0;24080000.0;0.0
Action 4 : développer les infrastructures et les réseaux de demain;Mission 2 : le combat pour l’équité territoriale;Modernisation du parc de matériel roulant régional;106;1;Transports et mobilités;2011.0;Investissement;15980000.0;0.0;15980000.0;0.0
Action 4 : développer les infrastructures et les réseaux de demain;Mission 2 : le combat pour l’équité territoriale;Grand Port Maritime de Nantes Saint-Nazaire;246;1;Entreprises et innovation;2016.0;Investissement;1284000.0;0.0;1284000.0;0.0
Action 7 : des politiques régionales mieux évaluées et plus économes;Mission 3 : le combat pour l’efficacité régionale;Provisions et annul° créances Provisions et annul° créances;ANVA ANVA;1;Direction des Finances et Commande Publique;2006.0;Fonctionnement;200000.0;800000.0;1000000.0;0.0
Action 7 : des politiques régionales mieux évaluées et plus économes;Mission 3 : le combat pour l’efficacité régionale;Bâtiments administratifs Etudes travaux et équipements;BATI TVXEQ;1;Direction du Patrimoine Immobilier;2006.0;Fonctionnement;15000.0;0.0;15000.0;0.0
Action 3 : faire de la formation la garantie des emplois de demain;Mission 1 : le combat pour l’emploi local;Form. courtes d'adaptation à l'emploi;434;2;Direction de l'Emploi et de la Formation Professionnelle;2016.0;Fonctionnement;200000.0;0.0;200000.0;0.0
Action 3 : faire de la formation la garantie des emplois de demain;Mission 1 : le combat pour l’emploi local;Ingénierie de formation;209;2;Direction de l'Emploi et de la Formation Professionnelle;2011.0;Fonctionnement;167568.0;2486.0;170054.0;0.0
Action 2 : faire des grandes mutations un moteur de production;Mission 1 : le combat pour l’emploi local;Qualité et commercialisation des produits de la mer;1100;1;Agriculture, pêche et agroalimentaire;2016.0;Investissement;320000.0;0.0;320000.0;0.0
Action 2 : faire des grandes mutations un moteur de production;Mission 1 : le combat pour l’emploi local;Tourisme;431;1;Entreprises et innovation;2016.0;Investissement;1930000.0;0.0;1930000.0;0.0
Action 3 : faire de la formation la garantie des emplois de demain;Mission 1 : le combat pour l’emploi local;Emplois aidés;281;2;Direction de l'Emploi et de la Formation Professionnelle;2006.0;Fonctionnement;636773.0;0.0;636773.0;0.0
Action 3 : faire de la formation la garantie des emplois de demain;Mission 1 : le combat pour l’emploi local;Informatisation des lycées publics et ENT;334;2;Direction des Lycées;2011.0;Fonctionnement;25000.0;0.0;25000.0;0.0
Action 4 : développer les infrastructures et les réseaux de demain;Mission 2 : le combat pour l’équité territoriale;Infrastructures ferroviaires;107;1;Transports et mobilités;2006.0;Investissement;0.0;617495.0;617495.0;0.0
Action 6 : renforcer notre qualité de vie;Mission 2 : le combat pour l’équité territoriale;Patrimoine;197;1;Direction Culture, Sport, Associations;2016.0;Investissement;6250933.0;0.0;6250933.0;0.0
Action 7 : des politiques régionales mieux évaluées et plus économes;Mission 3 : le combat pour l’efficacité régionale;Administration générale Courrier;ADGEN COUR;1;Secrétariat général;2006.0;Fonctionnement;350500.0;0.0;350500.0;0.0
Action 7 : des politiques régionales mieux évaluées et plus économes;Mission 3 : le combat pour l’efficacité régionale;Etudes préalables;380;1;Direction du Patrimoine Immobilier;2016.0;Investissement;300000.0;0.0;300000.0;0.0
Action 7 : des politiques régionales mieux évaluées et plus économes;Mission 3 : le combat pour l’efficacité régionale;Investissements immobiliers;15002;1;Direction du Patrimoine Immobilier;2011.0;Investissement;700000.0;300000.0;1000000.0;0.0
Action 7 : des politiques régionales mieux évaluées et plus économes;Mission 3 : le combat pour l’efficacité régionale;Opérations comptables Opérations comptables 939;OCOMP OCMP9;1;Direction des Finances et Commande Publique;2006.0;Fonctionnement;4000.0;0.0;0.0;-4000.0
Action 6 : renforcer notre qualité de vie;Mission 2 : le combat pour l’équité territoriale;Biodiversité et littoral;266;2;Transition énergétique et environnement;2016.0;Fonctionnement;3100000.0;31000.0;3131000.0;0.0
Action 6 : renforcer notre qualité de vie;Mission 2 : le combat pour l’équité territoriale;Livre et lecture;199;2;Direction Culture, Sport, Associations;2016.0;Fonctionnement;1383941.0;59000.0;1442941.0;0.0
Action 6 : renforcer notre qualité de vie;Mission 2 : le combat pour l’équité territoriale;Eau et Loire;429;1;Transition énergétique et environnement;2016.0;Investissement;2900000.0;-170000.0;2730000.0;0.0
Action 7 : des politiques régionales mieux évaluées et plus économes;Mission 3 : le combat pour l’efficacité régionale;Information, production et média Campagnes;INFO CAMP;1;Direction de la Communication;2006.0;Fonctionnement;1860000.0;0.0;1860000.0;0.0
Action 3 : faire de la formation la garantie des emplois de demain;Mission 1 : le combat pour l’emploi local;Plan d'entretien et de maintenance dans les lycées;404;1;Direction du Patrimoine Immobilier;2011.0;Investissement;687120.0;0.0;687120.0;0.0
Action 3 : faire de la formation la garantie des emplois de demain;Mission 1 : le combat pour l’emploi local;Investissements et équipements des CFA;191;1;Direction de l'Apprentissage;2016.0;Investissement;4741520.0;2063580.0;6805100.0;0.0
Action 7 : des politiques régionales mieux évaluées et plus économes;Mission 3 : le combat pour l’efficacité régionale;Administration générale Documentation;ADGEN DOC;1;Secrétariat général;2006.0;Fonctionnement;281000.0;0.0;281000.0;0.0
Action 3 : faire de la formation la garantie des emplois de demain;Mission 1 : le combat pour l’emploi local;Informatisation des lycées publics et ENT;334;2;Direction des Lycées;2016.0;Fonctionnement;136000.0;0.0;136000.0;0.0
Action 7 : des politiques régionales mieux évaluées et plus économes;Mission 3 : le combat pour l’efficacité régionale;Etudes préalables;380;2;Direction du Patrimoine Immobilier;2016.0;Fonctionnement;30000.0;0.0;30000.0;0.0
Action 7 : des politiques régionales mieux évaluées et plus économes;Mission 3 : le combat pour l’efficacité régionale;Administration générale Collaborateurs d'élus (AG);ADGEN COLAG;1;Secrétariat général;2006.0;Fonctionnement;139000.0;0.0;139000.0;0.0
Action 6 : renforcer notre qualité de vie;Mission 2 : le combat pour l’équité territoriale;Livre et lecture;199;1;Direction Culture, Sport, Associations;2016.0;Investissement;164800.0;0.0;164800.0;0.0
Action 4 : développer les infrastructures et les réseaux de demain;Mission 2 : le combat pour l’équité territoriale;Soutien aux transports collectifs en sites propres (TCSP);270;1;Transports et mobilités;2011.0;Investissement;429825.0;0.0;429825.0;0.0
Action 4 : développer les infrastructures et les réseaux de demain;Mission 2 : le combat pour l’équité territoriale;Politique routière d'intérêt régional;509;1;Transports et mobilités;2016.0;Investissement;5000000.0;0.0;5000000.0;0.0
Action 3 : faire de la formation la garantie des emplois de demain;Mission 1 : le combat pour l’emploi local;Travaux dans les E.P.L.E.;331;1;Direction du Patrimoine Immobilier;2011.0;Investissement;14000000.0;0.0;26204848.0;12204848.0
Action 4 : développer les infrastructures et les réseaux de demain;Mission 2 : le combat pour l’équité territoriale;Infrastructures ferroviaires;107;1;Transports et mobilités;2016.0;Investissement;4418354.0;254958.0;4673312.0;0.0
Action 3 : faire de la formation la garantie des emplois de demain;Mission 1 : le combat pour l’emploi local;Orientation - Valorisation des métiers;255;2;Direction de l'Apprentissage;2011.0;Fonctionnement;204378.0;0.0;204378.0;0.0
Action 3 : faire de la formation la garantie des emplois de demain;Mission 1 : le combat pour l’emploi local;Investissement sanitaire et social;373;1;Direction de l'Emploi et de la Formation Professionnelle;2006.0;Investissement;250000.0;0.0;250000.0;0.0
Action 3 : faire de la formation la garantie des emplois de demain;Mission 1 : le combat pour l’emploi local;Fonds annuel d'intervention;351;1;Direction du Patrimoine Immobilier;2016.0;Investissement;2000000.0;0.0;2000000.0;0.0
Action 3 : faire de la formation la garantie des emplois de demain;Mission 1 : le combat pour l’emploi local;Informatisation des lycées publics et ENT;334;1;Direction des Lycées;2016.0;Investissement;6652169.0;0.0;6652169.0;0.0
Action 7 : des politiques régionales mieux évaluées et plus économes;Mission 3 : le combat pour l’efficacité régionale;Bâtiments administratifs Sécurité;BATI SECU;1;Direction du Patrimoine Immobilier;2006.0;Fonctionnement;600000.0;0.0;600000.0;0.0
Action 7 : des politiques régionales mieux évaluées et plus économes;Mission 3 : le combat pour l’efficacité régionale;Bâtiments administratifs Fluides;BATI FLUID;1;Direction du Patrimoine Immobilier;2006.0;Fonctionnement;500000.0;0.0;500000.0;0.0
Action 7 : des politiques régionales mieux évaluées et plus économes;Mission 3 : le combat pour l’efficacité régionale;Assemblées Conseil Régional;ASS CR;1;Secrétariat général;2006.0;Fonctionnement;4720000.0;0.0;4720000.0;0.0
Action 2 : faire des grandes mutations un moteur de production;Mission 1 : le combat pour l’emploi local;Rayonnement de la science et coordination scientifique;1405;2;Direction de l'Enseignement Supérieur et de la Recherche;2016.0;Fonctionnement;1224016.0;0.0;1364016.0;140000.0
Action 3 : faire de la formation la garantie des emplois de demain;Mission 1 : le combat pour l’emploi local;Acquisition et développement des compétences clés;397;2;Direction de l'Emploi et de la Formation Professionnelle;2011.0;Fonctionnement;4000000.0;-450000.0;3550000.0;0.0
Action 3 : faire de la formation la garantie des emplois de demain;Mission 1 : le combat pour l’emploi local;Aide à la mobilité entrante;341;2;Direction de l'Enseignement Supérieur et de la Recherche;2016.0;Fonctionnement;14000.0;0.0;14000.0;0.0
Action 1 : faire émerger les PME du futur;Mission 1 : le combat pour l’emploi local;Appui aux filières, croissance bleue et croissance numérique;517;2;Entreprises et innovation;2016.0;Fonctionnement;382250.0;0.0;382250.0;0.0
Action 1 : faire émerger les PME du futur;Mission 1 : le combat pour l’emploi local;Internationalisation de l’économie;166;1;Affaires Internationales;2011.0;Investissement;200000.0;0.0;200000.0;0.0
Action 3 : faire de la formation la garantie des emplois de demain;Mission 1 : le combat pour l’emploi local;RÉGION FORMATION - VISA;501;2;Direction de l'Emploi et de la Formation Professionnelle;2016.0;Fonctionnement;6640500.0;-32353.0;5815147.0;-793000.0
Action 5 : agir au plus près des habitants;Mission 2 : le combat pour l’équité territoriale;Economie de proximité et relations agriculture, alimentation et territoire;114;2;Agriculture, pêche et agroalimentaire;2011.0;Fonctionnement;279600.0;0.0;279600.0;0.0
Action 6 : renforcer notre qualité de vie;Mission 2 : le combat pour l’équité territoriale;Autonomie des jeunes;388;1;Direction Culture, Sport, Associations;2016.0;Investissement;20000.0;0.0;240670.0;220670.0
Action 3 : faire de la formation la garantie des emplois de demain;Mission 1 : le combat pour l’emploi local;Ingénierie de formation;209;2;Direction de l'Emploi et de la Formation Professionnelle;2016.0;Fonctionnement;66150.0;-7404.0;58746.0;0.0
Action 3 : faire de la formation la garantie des emplois de demain;Mission 1 : le combat pour l’emploi local;Ingéniérie;386;2;Direction de l'Apprentissage;2011.0;Fonctionnement;264685.0;-43685.0;221000.0;0.0
Action 7 : des politiques régionales mieux évaluées et plus économes;Mission 3 : le combat pour l’efficacité régionale;Information, production et média Editions;INFO EDIT;1;Direction de la Communication;2006.0;Fonctionnement;1953880.0;0.0;1953880.0;0.0
Action 9 : une administration plus innovante;Mission 3 : le combat pour l’efficacité régionale;Schéma Directeur Numérique 2017-2021;531;1;Transformation Numérique;2016.0;Investissement;895000.0;0.0;895000.0;0.0
Action 2 : faire des grandes mutations un moteur de production;Mission 1 : le combat pour l’emploi local;Accueil de chercheurs, valorisation, ouverture européenne et internationale;1402;1;Direction de l'Enseignement Supérieur et de la Recherche;2011.0;Investissement;589444.0;0.0;589444.0;0.0
Action 1 : faire émerger les PME du futur;Mission 1 : le combat pour l’emploi local;Soutien à la création et à la transmission d'entreprises;513;2;Entreprises et innovation;2016.0;Fonctionnement;1367150.0;0.0;1367150.0;0.0
Action 1 : faire émerger les PME du futur;Mission 1 : le combat pour l’emploi local;Appui à la performance - Aide au conseil;510;1;Entreprises et innovation;2016.0;Investissement;2131245.0;0.0;2131245.0;0.0
Action 1 : faire émerger les PME du futur;Mission 1 : le combat pour l’emploi local;Internationalisation de l’économie;166;2;Affaires Internationales;2011.0;Fonctionnement;115292.0;0.0;115292.0;0.0
Action 3 : faire de la formation la garantie des emplois de demain;Mission 1 : le combat pour l’emploi local;Subventions d'investissement aux établissements privés sous contrat d'association;336;1;Direction des Lycées;2016.0;Investissement;750000.0;10000000.0;16591205.0;5841205.0
Action 3 : faire de la formation la garantie des emplois de demain;Mission 1 : le combat pour l’emploi local;Région - Formation  - Visa sanitaire;312;2;Direction de l'Emploi et de la Formation Professionnelle;2016.0;Fonctionnement;32066680.0;682812.0;33237492.0;488000.0
Action 4 : développer les infrastructures et les réseaux de demain;Mission 2 : le combat pour l’équité territoriale;Financement du syndicat mixte aéroportuaire;391;2;Transports et mobilités;2011.0;Fonctionnement;150000.0;-24298.0;125702.0;0.0
Action 4 : développer les infrastructures et les réseaux de demain;Mission 2 : le combat pour l’équité territoriale;Aménagement numérique;378;2;Aménagement Numérique;2016.0;Fonctionnement;170000.0;-30000.0;150000.0;10000.0
Action 8 : des agents mieux accompagnés et mieux valorisés;Mission 3 : le combat pour l’efficacité régionale;Charges de personnel Siège Charges patronales Culture;CHPES CHPA3;1;Direction des ressources humaines;2006.0;Fonctionnement;360000.0;0.0;365530.0;5530.0
Action 3 : faire de la formation la garantie des emplois de demain;Mission 1 : le combat pour l’emploi local;Fonctionnement des établissements d'enseignement supérieur et soutien aux initiatives des acteurs de la vie étudiante;355;2;Direction de l'Enseignement Supérieur et de la Recherche;2016.0;Fonctionnement;1700000.0;0.0;1650000.0;-50000.0
Action 3 : faire de la formation la garantie des emplois de demain;Mission 1 : le combat pour l’emploi local;Actions éducatives;323;2;Direction de l'Apprentissage;2016.0;Fonctionnement;1653056.0;-13536.0;1639520.0;0.0
Action 3 : faire de la formation la garantie des emplois de demain;Mission 1 : le combat pour l’emploi local;Aides sociales;338;2;Direction des Lycées;2011.0;Fonctionnement;36000.0;0.0;36000.0;0.0
Action 3 : faire de la formation la garantie des emplois de demain;Mission 1 : le combat pour l’emploi local;Aides sociales;338;1;Direction des Lycées;2016.0;Investissement;2040000.0;0.0;2040000.0;0.0
Action 5 : agir au plus près des habitants;Mission 2 : le combat pour l’équité territoriale;Economie de proximité et relations agriculture, alimentation et territoire;114;1;Agriculture, pêche et agroalimentaire;2006.0;Investissement;20000.0;0.0;20000.0;0.0
Action 3 : faire de la formation la garantie des emplois de demain;Mission 1 : le combat pour l’emploi local;Démarches individuelles de formation et VAE;269;2;Direction de l'Emploi et de la Formation Professionnelle;2016.0;Fonctionnement;252500.0;24033.0;276533.0;0.0
Action 3 : faire de la formation la garantie des emplois de demain;Mission 1 : le combat pour l’emploi local;Investissement sanitaire et social;373;1;Direction de l'Emploi et de la Formation Professionnelle;2016.0;Investissement;1306800.0;0.0;1306800.0;0.0
Action 3 : faire de la formation la garantie des emplois de demain;Mission 1 : le combat pour l’emploi local;Investissements et équipements des CFA;191;1;Direction de l'Apprentissage;2006.0;Investissement;4824570.0;-3214570.0;1610000.0;0.0
Action 4 : développer les infrastructures et les réseaux de demain;Mission 2 : le combat pour l’équité territoriale;Multimodalité et solutions innovantes;359;2;Transports et mobilités;2016.0;Fonctionnement;142945.0;248156.0;391101.0;0.0
Action 5 : agir au plus près des habitants;Mission 2 : le combat pour l’équité territoriale;Actions territoriales;74;1;Direction Culture, Sport, Associations;2016.0;Investissement;1632300.0;0.0;1632300.0;0.0
Action 7 : des politiques régionales mieux évaluées et plus économes;Mission 3 : le combat pour l’efficacité régionale;Dép gestion,form,prest soc Communication interne;DGFPS COMIN;1;Direction de la Communication;2006.0;Fonctionnement;230000.0;0.0;230000.0;0.0
Action 7 : des politiques régionales mieux évaluées et plus économes;Mission 3 : le combat pour l’efficacité régionale;E-communication Internet;ECOM INTER;1;Direction de la Communication;2006.0;Investissement;6000.0;0.0;6000.0;0.0
Action 7 : des politiques régionales mieux évaluées et plus économes;Mission 3 : le combat pour l’efficacité régionale;Restauration Restauration interne;REST RESTN;1;Secrétariat général;2006.0;Fonctionnement;210000.0;0.0;210000.0;0.0
Action 8 : des agents mieux accompagnés et mieux valorisés;Mission 3 : le combat pour l’efficacité régionale;Dép gestion,form,prest soc Autres charges perso Siège;DGFPS ACHP0;1;Direction des ressources humaines;2006.0;Fonctionnement;167000.0;30000.0;156850.0;-40150.0
Action 2 : faire des grandes mutations un moteur de production;Mission 1 : le combat pour l’emploi local;Programmes de recherche regionaux et interregionaux;304;1;Direction de l'Enseignement Supérieur et de la Recherche;2011.0;Investissement;13604271.0;0.0;15604271.0;2000000.0
Action 8 : des agents mieux accompagnés et mieux valorisés;Mission 3 : le combat pour l’efficacité régionale;Dép gestion,form,prest soc Dépenses de gestion EPLE;DGFPS DEPG2;1;Direction des ressources humaines;2006.0;Fonctionnement;290000.0;25000.0;425200.0;110200.0
Action 2 : faire des grandes mutations un moteur de production;Mission 1 : le combat pour l’emploi local;Accueil de chercheurs, valorisation, ouverture européenne et internationale;1402;2;Direction de l'Enseignement Supérieur et de la Recherche;2011.0;Fonctionnement;2935082.0;0.0;3335082.0;400000.0
Action 2 : faire des grandes mutations un moteur de production;Mission 1 : le combat pour l’emploi local;Alimentation, qualité et industrie agro-alimentaire;113;1;Agriculture, pêche et agroalimentaire;2016.0;Investissement;1544164.0;1200000.0;2744164.0;0.0
Action 4 : développer les infrastructures et les réseaux de demain;Mission 2 : le combat pour l’équité territoriale;Désenclavement urbain et rural;305;1;Transports et mobilités;2011.0;Investissement;1029282.0;12718.0;1042000.0;0.0
Action 7 : des politiques régionales mieux évaluées et plus économes;Mission 3 : le combat pour l’efficacité régionale;E-communication Internet;ECOM INTER;1;Direction de la Communication;2006.0;Fonctionnement;120540.0;0.0;120540.0;0.0
Action 7 : des politiques régionales mieux évaluées et plus économes;Mission 3 : le combat pour l’efficacité régionale;Audiovisuel régional;77;2;Direction de la Communication;2016.0;Fonctionnement;340000.0;0.0;340000.0;0.0
Action 2 : faire des grandes mutations un moteur de production;Mission 1 : le combat pour l’emploi local;Rayonnement de la science et coordination scientifique;1405;1;Direction de l'Enseignement Supérieur et de la Recherche;2011.0;Investissement;30000.0;0.0;30000.0;0.0
Action 2 : faire des grandes mutations un moteur de production;Mission 1 : le combat pour l’emploi local;Actions européennes;529;2;Direction des politiques européennes;2016.0;Fonctionnement;1170000.0;0.0;1192000.0;22000.0
Action 5 : agir au plus près des habitants;Mission 2 : le combat pour l’équité territoriale;Santé publique, vieillissement, et politique du handicap;188;2;Territoires et ruralité;2016.0;Fonctionnement;1690500.0;0.0;1690500.0;0.0
Action 6 : renforcer notre qualité de vie;Mission 2 : le combat pour l’équité territoriale;Sport pour tous;288;2;Direction Culture, Sport, Associations;2011.0;Fonctionnement;48589.0;0.0;48589.0;0.0
Action 5 : agir au plus près des habitants;Mission 2 : le combat pour l’équité territoriale;Actions territoriales;74;2;Direction Culture, Sport, Associations;2016.0;Fonctionnement;2194000.0;0.0;2194000.0;0.0
Action 4 : développer les infrastructures et les réseaux de demain;Mission 2 : le combat pour l’équité territoriale;Loi NOTRe Charges gén. transport routier;NOT CHGE;1;Direction des Finances et Commande Publique;2006.0;Fonctionnement;4508975.0;0.0;4508975.0;0.0
Action 3 : faire de la formation la garantie des emplois de demain;Mission 1 : le combat pour l’emploi local;Subventions d'investissement aux établissements privés sous contrat d'association;336;1;Direction des Lycées;2011.0;Investissement;14110000.0;0.0;14268795.0;158795.0
Action 3 : faire de la formation la garantie des emplois de demain;Mission 1 : le combat pour l’emploi local;Contrat Etat-Région-Investissements Immobiliers;184;1;Direction de l'Enseignement Supérieur et de la Recherche;2006.0;Investissement;403274.0;-247469.0;155805.0;0.0
Action 3 : faire de la formation la garantie des emplois de demain;Mission 1 : le combat pour l’emploi local;Fonctionnement des E.P.L.E.;330;1;Direction des Lycées;2016.0;Investissement;153000.0;0.0;153000.0;0.0
Action 8 : des agents mieux accompagnés et mieux valorisés;Mission 3 : le combat pour l’efficacité régionale;Dép gestion,form,prest soc Prestations sociales Finances;DGFPS PSOFI;1;Direction des Finances et Commande Publique;2006.0;Fonctionnement;1500000.0;0.0;1500000.0;0.0
Action 3 : faire de la formation la garantie des emplois de demain;Mission 1 : le combat pour l’emploi local;Aides aux employeurs d'apprentis;244;2;Direction de l'Apprentissage;2011.0;Fonctionnement;6109490.0;338000.0;6447490.0;0.0
Action 2 : faire des grandes mutations un moteur de production;Mission 1 : le combat pour l’emploi local;Agriculture et développement durable;310;1;Agriculture, pêche et agroalimentaire;2011.0;Investissement;3136672.0;0.0;3136672.0;0.0
Action 2 : faire des grandes mutations un moteur de production;Mission 1 : le combat pour l’emploi local;Agriculture et développement durable;310;1;Agriculture, pêche et agroalimentaire;2006.0;Investissement;496500.0;0.0;496500.0;0.0
Action 6 : renforcer notre qualité de vie;Mission 2 : le combat pour l’équité territoriale;Livre et lecture;199;1;Direction Culture, Sport, Associations;2011.0;Investissement;2200.0;0.0;2200.0;0.0
Action 7 : des politiques régionales mieux évaluées et plus économes;Mission 3 : le combat pour l’efficacité régionale;Emprunt - Opérations courantes Annuités;SDETT ANNUI;1;Direction des Finances et Commande Publique;2006.0;Fonctionnement;34600000.0;0.0;34600000.0;0.0
Action 7 : des politiques régionales mieux évaluées et plus économes;Mission 3 : le combat pour l’efficacité régionale;Etudes et  actions énergétiques;403;2;Direction du Patrimoine Immobilier;2016.0;Fonctionnement;30000.0;0.0;30000.0;0.0
Action 1 : faire émerger les PME du futur;Mission 1 : le combat pour l’emploi local;Rayonnement à l'international;519;2;Affaires Internationales;2011.0;Fonctionnement;351523.0;0.0;351523.0;0.0
Action 4 : développer les infrastructures et les réseaux de demain;Mission 2 : le combat pour l’équité territoriale;Fonctionnement du réseau de transport régional;104;2;Transports et mobilités;2016.0;Fonctionnement;145784343.0;5107320.0;150891663.0;0.0
Action 8 : des agents mieux accompagnés et mieux valorisés;Mission 3 : le combat pour l’efficacité régionale;Dép gestion,form,prest soc Prestations sociales Culture;DGFPS PSOC3;1;Direction des ressources humaines;2006.0;Fonctionnement;2000.0;-1000.0;1000.0;0.0
Action 7 : des politiques régionales mieux évaluées et plus économes;Mission 3 : le combat pour l’efficacité régionale;Opérations comptables Opérations comptables 934;OCOMP OCMP4;1;Direction des Finances et Commande Publique;2006.0;Fonctionnement;0.0;0.0;4000.0;4000.0
Action 7 : des politiques régionales mieux évaluées et plus économes;Mission 3 : le combat pour l’efficacité régionale;Restauration Cafeteria;REST CAFET;1;Secrétariat général;2006.0;Fonctionnement;95000.0;0.0;95000.0;0.0
Action 3 : faire de la formation la garantie des emplois de demain;Mission 1 : le combat pour l’emploi local;Investissements et équipements des CFA;191;1;Direction de l'Apprentissage;2011.0;Investissement;8433910.0;-3306010.0;5127900.0;0.0
Action 2 : faire des grandes mutations un moteur de production;Mission 1 : le combat pour l’emploi local;Alimentation, qualité et industrie agro-alimentaire;113;1;Agriculture, pêche et agroalimentaire;2006.0;Investissement;32000.0;0.0;32000.0;0.0
Action 6 : renforcer notre qualité de vie;Mission 2 : le combat pour l’équité territoriale;Autonomie des jeunes;388;2;Direction Culture, Sport, Associations;2012.0;Fonctionnement;82000.0;0.0;82000.0;0.0
Action 2 : faire des grandes mutations un moteur de production;Mission 1 : le combat pour l’emploi local;Agriculture et développement durable;310;2;Agriculture, pêche et agroalimentaire;2006.0;Fonctionnement;40000.0;0.0;40000.0;0.0
Action 2 : faire des grandes mutations un moteur de production;Mission 1 : le combat pour l’emploi local;Aquaculture;193;1;Agriculture, pêche et agroalimentaire;2011.0;Investissement;11488.0;0.0;11488.0;0.0
Action 2 : faire des grandes mutations un moteur de production;Mission 1 : le combat pour l’emploi local;Soutien aux transitions;512;2;Entreprises et innovation;2016.0;Fonctionnement;372150.0;200000.0;572150.0;0.0
Action 3 : faire de la formation la garantie des emplois de demain;Mission 1 : le combat pour l’emploi local;Démarches individuelles de formation et VAE;269;2;Direction de l'Emploi et de la Formation Professionnelle;2011.0;Fonctionnement;25000.0;0.0;25000.0;0.0
Action 3 : faire de la formation la garantie des emplois de demain;Mission 1 : le combat pour l’emploi local;Equipements des E.P.L.E.;332;1;Direction des Lycées;2011.0;Investissement;1800000.0;0.0;1800000.0;0.0
Action 3 : faire de la formation la garantie des emplois de demain;Mission 1 : le combat pour l’emploi local;Fonctionnement des E.P.L.E.;330;2;Direction des Lycées;2011.0;Fonctionnement;55000.0;0.0;55000.0;0.0
Action 3 : faire de la formation la garantie des emplois de demain;Mission 1 : le combat pour l’emploi local;Fonctionnement des établissements privés sous contrat d'association;335;2;Direction des Lycées;2011.0;Fonctionnement;5000.0;0.0;5000.0;0.0
Action 3 : faire de la formation la garantie des emplois de demain;Mission 1 : le combat pour l’emploi local;Orientation des jeunes et lutte contre le décrochage;432;2;Direction des Lycées;2011.0;Fonctionnement;27000.0;0.0;27000.0;0.0
Action 4 : développer les infrastructures et les réseaux de demain;Mission 2 : le combat pour l’équité territoriale;Infrastructures ferroviaires;107;1;Transports et mobilités;2004.0;Investissement;2747637.0;0.0;2747637.0;0.0
Action 4 : développer les infrastructures et les réseaux de demain;Mission 2 : le combat pour l’équité territoriale;Points d'arrêt et investissements en faveur de l'intermodalité;221;1;Transports et mobilités;2011.0;Investissement;11884422.0;784191.0;12668613.0;0.0
Action 5 : agir au plus près des habitants;Mission 2 : le combat pour l’équité territoriale;Habitat et logement social;283;1;Transition énergétique et environnement;2011.0;Investissement;2276000.0;-20000.0;2256000.0;0.0
Action 7 : des politiques régionales mieux évaluées et plus économes;Mission 3 : le combat pour l’efficacité régionale;Bâtiments administratifs Maintenance bâtiments;BATI MAINT;1;Direction du Patrimoine Immobilier;2006.0;Fonctionnement;780000.0;0.0;780000.0;0.0
Action 9 : une administration plus innovante;Mission 3 : le combat pour l’efficacité régionale;Information géographique régionale;344;1;Transformation Numérique;2011.0;Investissement;226152.0;0.0;226152.0;0.0
Action 9 : une administration plus innovante;Mission 3 : le combat pour l’efficacité régionale;Information géographique régionale;344;2;Transformation Numérique;2016.0;Fonctionnement;23194.0;0.0;23194.0;0.0
Action 2 : faire des grandes mutations un moteur de production;Mission 1 : le combat pour l’emploi local;Grands équipements structurants et équipements de centres de recherche;1400;1;Direction de l'Enseignement Supérieur et de la Recherche;2016.0;Investissement;1794796.0;-237000.0;1557796.0;0.0
Action 9 : une administration plus innovante;Mission 3 : le combat pour l’efficacité régionale;Information géographique régionale;344;1;Transformation Numérique;2016.0;Investissement;150000.0;0.0;150000.0;0.0
Action 2 : faire des grandes mutations un moteur de production;Mission 1 : le combat pour l’emploi local;Alimentation, qualité et industrie agro-alimentaire;113;2;Agriculture, pêche et agroalimentaire;2011.0;Fonctionnement;175560.0;0.0;175560.0;0.0
Action 5 : agir au plus près des habitants;Mission 2 : le combat pour l’équité territoriale;Santé publique, vieillissement, et politique du handicap;188;1;Territoires et ruralité;2011.0;Investissement;1201788.0;0.0;1201788.0;0.0
Action 6 : renforcer notre qualité de vie;Mission 2 : le combat pour l’équité territoriale;Axe5 FEDER -Prévention des risques et préservation de l'environnement;425;1;Direction des politiques européennes;2014.0;Investissement;700000.0;0.0;700000.0;0.0
Action 6 : renforcer notre qualité de vie;Mission 2 : le combat pour l’équité territoriale;Actions musicales structurantes;530;2;Direction Culture, Sport, Associations;2016.0;Fonctionnement;4500000.0;0.0;4612748.0;112748.0
Action 3 : faire de la formation la garantie des emplois de demain;Mission 1 : le combat pour l’emploi local;Investissements immobiliers et équipements pédagogiques;357;2;Direction de l'Enseignement Supérieur et de la Recherche;2016.0;Fonctionnement;25000.0;0.0;25000.0;0.0
Action 3 : faire de la formation la garantie des emplois de demain;Mission 1 : le combat pour l’emploi local;Travaux dans les E.P.L.E.;331;2;Direction du Patrimoine Immobilier;2016.0;Fonctionnement;440000.0;0.0;440000.0;0.0
Action 7 : des politiques régionales mieux évaluées et plus économes;Mission 3 : le combat pour l’efficacité régionale;Administration générale Logistique;ADGEN LOGIS;1;Secrétariat général;2006.0;Fonctionnement;872000.0;110000.0;982000.0;0.0
Action 3 : faire de la formation la garantie des emplois de demain;Mission 1 : le combat pour l’emploi local;Axe7 FSE -Apprentissage, formation professionnelle et enseignement supérieur;427;2;Direction des politiques européennes;2014.0;Fonctionnement;5000000.0;0.0;7000000.0;2000000.0
Action 3 : faire de la formation la garantie des emplois de demain;Mission 1 : le combat pour l’emploi local;Fonctionnement du dispositif;189;2;Direction de l'Apprentissage;2016.0;Fonctionnement;94738861.0;0.0;94178861.0;-560000.0
Action 2 : faire des grandes mutations un moteur de production;Mission 1 : le combat pour l’emploi local;Programmes de recherche regionaux et interregionaux;304;1;Direction de l'Enseignement Supérieur et de la Recherche;2006.0;Investissement;290843.0;0.0;890843.0;600000.0
Action 2 : faire des grandes mutations un moteur de production;Mission 1 : le combat pour l’emploi local;Axe4 FEDER -Transition énergétique;424;1;Direction des politiques européennes;2014.0;Investissement;1300000.0;800000.0;2100000.0;0.0
Action 1 : faire émerger les PME du futur;Mission 1 : le combat pour l’emploi local;Animation économique;516;2;Entreprises et innovation;2011.0;Fonctionnement;0.0;0.0;434405.0;434405.0
Action 8 : des agents mieux accompagnés et mieux valorisés;Mission 3 : le combat pour l’efficacité régionale;Charges de personnel Siège Charges patronales Siège;CHPES CHPA0;1;Direction des ressources humaines;2006.0;Fonctionnement;13400000.0;0.0;13645310.0;245310.0
Action 6 : renforcer notre qualité de vie;Mission 2 : le combat pour l’équité territoriale;Economie circulaire, déchets, risques technologiques;389;2;Transition énergétique et environnement;2016.0;Fonctionnement;90000.0;0.0;186500.0;96500.0
Action 6 : renforcer notre qualité de vie;Mission 2 : le combat pour l’équité territoriale;Arts de la scène;198;2;Direction Culture, Sport, Associations;2016.0;Fonctionnement;6632830.0;118823.0;6751653.0;0.0
Action 4 : développer les infrastructures et les réseaux de demain;Mission 2 : le combat pour l’équité territoriale;transports au titre Loi Notre Transports interurbains CD53;NOT53 INT53;1;Transports et mobilités;2006.0;Investissement;0.0;-10000.0;-10000.0;0.0
Action 4 : développer les infrastructures et les réseaux de demain;Mission 2 : le combat pour l’équité territoriale;transports au titre Loi Notre Charges gén. transport routier;TRANS CHGE;1;Direction des Finances et Commande Publique;2006.0;Fonctionnement;339655.0;0.0;339655.0;0.0
Action 4 : développer les infrastructures et les réseaux de demain;Mission 2 : le combat pour l’équité territoriale;Modernisation du parc de matériel roulant régional;106;1;Transports et mobilités;2006.0;Investissement;13020000.0;0.0;13020000.0;0.0
Action 7 : des politiques régionales mieux évaluées et plus économes;Mission 3 : le combat pour l’efficacité régionale;Administration générale Fournitures et services DFCM;ADGEN FOU3;1;Direction des Finances et Commande Publique;2006.0;Fonctionnement;600000.0;0.0;600000.0;0.0
Action 7 : des politiques régionales mieux évaluées et plus économes;Mission 3 : le combat pour l’efficacité régionale;Audiovisuel régional;77;2;Direction de la Communication;2011.0;Fonctionnement;256023.0;0.0;256023.0;0.0
Action 2 : faire des grandes mutations un moteur de production;Mission 1 : le combat pour l’emploi local;Accueil de chercheurs, valorisation, ouverture européenne et internationale;1402;1;Direction de l'Enseignement Supérieur et de la Recherche;2016.0;Investissement;188121.0;0.0;188121.0;0.0
Action 3 : faire de la formation la garantie des emplois de demain;Mission 1 : le combat pour l’emploi local;Rémunération et protection sociale des stagiaires;207;2;Direction de l'Emploi et de la Formation Professionnelle;2011.0;Fonctionnement;36000.0;0.0;36000.0;0.0
Action 4 : développer les infrastructures et les réseaux de demain;Mission 2 : le combat pour l’équité territoriale;Fonctionnement du réseau de transport régional;104;2;Transports et mobilités;2011.0;Fonctionnement;5080170.0;-205479.0;4874691.0;0.0
Action 4 : développer les infrastructures et les réseaux de demain;Mission 2 : le combat pour l’équité territoriale;CERProgrammes complémentaires;290;1;Transports et mobilités;2005.0;Investissement;350000.0;-350000.0;0.0;0.0
Action 3 : faire de la formation la garantie des emplois de demain;Mission 1 : le combat pour l’emploi local;Jeunesse et civisme;435;2;Direction Culture, Sport, Associations;2016.0;Fonctionnement;328120.0;0.0;237350.0;-90770.0
Action 3 : faire de la formation la garantie des emplois de demain;Mission 1 : le combat pour l’emploi local;Fonctionnement des E.P.L.E.;330;1;Direction des Lycées;2011.0;Investissement;27000.0;0.0;27000.0;0.0
Action 2 : faire des grandes mutations un moteur de production;Mission 1 : le combat pour l’emploi local;Actions communes en faveur des filières pêche et aquaculture;1101;1;Agriculture, pêche et agroalimentaire;2016.0;Investissement;395460.0;0.0;395460.0;0.0
Action 8 : des agents mieux accompagnés et mieux valorisés;Mission 3 : le combat pour l’efficacité régionale;Charges de personnel Siège Rému primes non titu Culture;CHPES NTIT3;1;Direction des ressources humaines;2006.0;Fonctionnement;100000.0;0.0;112575.0;12575.0
Action 4 : développer les infrastructures et les réseaux de demain;Mission 2 : le combat pour l’équité territoriale;transports au titre Loi Notre Transports scolaires CD44;NOT44 SCO44;1;Direction des Finances et Commande Publique;2006.0;Fonctionnement;0.0;0.0;64877130.0;64877130.0
Action 4 : développer les infrastructures et les réseaux de demain;Mission 2 : le combat pour l’équité territoriale;transports au titre Loi Notre Transports scolaires;TRANS SCOL;1;Direction des Finances et Commande Publique;2006.0;Fonctionnement;112849373.0;0.0;47972243.0;-64877130.0
Action 4 : développer les infrastructures et les réseaux de demain;Mission 2 : le combat pour l’équité territoriale;transports au titre Loi Notre Charges gén. trans routierCD44;NOT44 CHG44;1;Transports et mobilités;2006.0;Investissement;0.0;-1072000.0;-1072000.0;0.0
Action 4 : développer les infrastructures et les réseaux de demain;Mission 2 : le combat pour l’équité territoriale;transports au titre Loi Notre Transports interurbains CD85;NOT85 INT85;1;Transports et mobilités;2006.0;Fonctionnement;0.0;130000.0;130000.0;0.0
Action 8 : des agents mieux accompagnés et mieux valorisés;Mission 3 : le combat pour l’efficacité régionale;Charges de personnel EPLE Charges patronales EPLE;CHPE2 CHPA2;1;Direction des ressources humaines;2006.0;Fonctionnement;26436000.0;0.0;26601600.0;165600.0
Action 8 : des agents mieux accompagnés et mieux valorisés;Mission 3 : le combat pour l’efficacité régionale;Dép gestion,form,prest soc Dépenses de gestion DG;DGFPS GRHDG;1;Secrétariat général;2006.0;Fonctionnement;250000.0;0.0;250000.0;0.0
Action 6 : renforcer notre qualité de vie;Mission 2 : le combat pour l’équité territoriale;Vie associative, égalité homme-femme, bénévolat et lutte contre la grande précarité;376;1;Direction Culture, Sport, Associations;2016.0;Investissement;50000.0;0.0;50000.0;0.0
Action 3 : faire de la formation la garantie des emplois de demain;Mission 1 : le combat pour l’emploi local;Investissements immobiliers et équipements pédagogiques;357;1;Direction de l'Enseignement Supérieur et de la Recherche;2011.0;Investissement;2673126.0;0.0;2673126.0;0.0
Action 2 : faire des grandes mutations un moteur de production;Mission 1 : le combat pour l’emploi local;Aquaculture;193;1;Agriculture, pêche et agroalimentaire;2016.0;Investissement;1258512.0;0.0;1258512.0;0.0
Action 6 : renforcer notre qualité de vie;Mission 2 : le combat pour l’équité territoriale;Axe Ligérien;268;1;Transition énergétique et environnement;2011.0;Investissement;1000000.0;-570000.0;430000.0;0.0
Action 1 : faire émerger les PME du futur;Mission 1 : le combat pour l’emploi local;Soutien à l'innovation;518;1;Entreprises et innovation;2016.0;Investissement;28503900.0;0.0;28503900.0;0.0
Action 3 : faire de la formation la garantie des emplois de demain;Mission 1 : le combat pour l’emploi local;Je m'oriente, je me prépare;407;2;Direction de l'Emploi et de la Formation Professionnelle;2011.0;Fonctionnement;9869260.0;500000.0;10369260.0;0.0
Action 4 : développer les infrastructures et les réseaux de demain;Mission 2 : le combat pour l’équité territoriale;transports au titre Loi Notre Transports scolaires CD49;NOT49 SCO49;1;Transports et mobilités;2006.0;Fonctionnement;0.0;1361000.0;1361000.0;0.0
Action 6 : renforcer notre qualité de vie;Mission 2 : le combat pour l’équité territoriale;Sport pour tous;288;2;Direction Culture, Sport, Associations;2016.0;Fonctionnement;2791411.0;0.0;3291411.0;500000.0
Action 7 : des politiques régionales mieux évaluées et plus économes;Mission 3 : le combat pour l’efficacité régionale;Assemblées Protocole;ASS PROT;1;Direction de la Communication;2006.0;Fonctionnement;225500.0;0.0;225500.0;0.0
Action 7 : des politiques régionales mieux évaluées et plus économes;Mission 3 : le combat pour l’efficacité régionale;Loi NOTRe Reversement CVAE loi Notre;NOT CVAE;1;Direction des Finances et Commande Publique;2006.0;Fonctionnement;0.0;7020092.0;50850000.0;43829908.0
Action 8 : des agents mieux accompagnés et mieux valorisés;Mission 3 : le combat pour l’efficacité régionale;Charges de personnel EPLE Rému et primes non titu EPLE;CHPE2 NTIT2;1;Direction des ressources humaines;2006.0;Fonctionnement;7144000.0;796000.0;7996500.0;56500.0
Action 1 : faire émerger les PME du futur;Mission 1 : le combat pour l’emploi local;Economie résidentielle;514;2;Entreprises et innovation;2016.0;Fonctionnement;194000.0;0.0;194000.0;0.0
Action 4 : développer les infrastructures et les réseaux de demain;Mission 2 : le combat pour l’équité territoriale;Modernisation du parc de matériel roulant régional;106;1;Transports et mobilités;2016.0;Investissement;7000000.0;0.0;7000000.0;0.0
Action 5 : agir au plus près des habitants;Mission 2 : le combat pour l’équité territoriale;Equipements et partenariats institutionnels sportifs;259;1;Direction Culture, Sport, Associations;2011.0;Investissement;307800.0;0.0;307800.0;0.0
Action 5 : agir au plus près des habitants;Mission 2 : le combat pour l’équité territoriale;Equipements et partenariats institutionnels sportifs;259;2;Direction Culture, Sport, Associations;2016.0;Fonctionnement;450000.0;0.0;450000.0;0.0
Action 6 : renforcer notre qualité de vie;Mission 2 : le combat pour l’équité territoriale;Agenda 21 - coordination;379;2;Transition énergétique et environnement;2016.0;Fonctionnement;195000.0;0.0;198512.0;3512.0
Action 7 : des politiques régionales mieux évaluées et plus économes;Mission 3 : le combat pour l’efficacité régionale;Emprunt - Opérations courantes Annuités;SDETT ANNUI;1;Direction des Finances et Commande Publique;2006.0;Investissement;107000000.0;0.0;107000000.0;0.0
Action 3 : faire de la formation la garantie des emplois de demain;Mission 1 : le combat pour l’emploi local;Etudes et projets des partenaires sociaux;402;2;Direction de l'Emploi et de la Formation Professionnelle;2016.0;Fonctionnement;85000.0;0.0;85000.0;0.0
Action 3 : faire de la formation la garantie des emplois de demain;Mission 1 : le combat pour l’emploi local;Aides sociales;338;2;Direction des Lycées;2016.0;Fonctionnement;5567180.0;0.0;5867180.0;300000.0
Action 2 : faire des grandes mutations un moteur de production;Mission 1 : le combat pour l’emploi local;Programmes de recherche regionaux et interregionaux;304;2;Direction de l'Enseignement Supérieur et de la Recherche;2011.0;Fonctionnement;1603582.0;0.0;1603582.0;0.0
Action 2 : faire des grandes mutations un moteur de production;Mission 1 : le combat pour l’emploi local;Logement et efficacité énergétique;430;1;Transition énergétique et environnement;2016.0;Investissement;10300000.0;-510000.0;9790000.0;0.0
Action 2 : faire des grandes mutations un moteur de production;Mission 1 : le combat pour l’emploi local;Logement et efficacité énergétique;430;2;Transition énergétique et environnement;2016.0;Fonctionnement;308000.0;-50000.0;536000.0;278000.0
Action 1 : faire émerger les PME du futur;Mission 1 : le combat pour l’emploi local;Internationalisation de l’économie;166;2;Affaires Internationales;2016.0;Fonctionnement;578708.0;0.0;578708.0;0.0
Action 8 : des agents mieux accompagnés et mieux valorisés;Mission 3 : le combat pour l’efficacité régionale;Dép gestion,form,prest soc Dépenses de gestion Siège;DGFPS DEPG0;1;Direction des ressources humaines;2006.0;Fonctionnement;346000.0;10000.0;290950.0;-65050.0
Action 6 : renforcer notre qualité de vie;Mission 2 : le combat pour l’équité territoriale;Sport de haut niveau;287;1;Direction Culture, Sport, Associations;2011.0;Investissement;4020.0;0.0;4020.0;0.0
Action 4 : développer les infrastructures et les réseaux de demain;Mission 2 : le combat pour l’équité territoriale;transports au titre Loi Notre Charges gén. trans routierCD72;NOT72 CHG72;1;Transports et mobilités;2006.0;Investissement;0.0;-100300.0;-100300.0;0.0
Action 5 : agir au plus près des habitants;Mission 2 : le combat pour l’équité territoriale;Accueil des personnes âgées et handicapées;187;1;Territoires et ruralité;2011.0;Investissement;186960.0;0.0;186960.0;0.0
Action 3 : faire de la formation la garantie des emplois de demain;Mission 1 : le combat pour l’emploi local;Investissements immobiliers et équipements pédagogiques;357;1;Direction de l'Enseignement Supérieur et de la Recherche;2016.0;Investissement;8557368.0;-2614000.0;5943368.0;0.0
Action 3 : faire de la formation la garantie des emplois de demain;Mission 1 : le combat pour l’emploi local;Observation, études;208;2;Direction de l'Emploi et de la Formation Professionnelle;2011.0;Fonctionnement;61154.0;18322.0;79476.0;0.0
Action 9 : une administration plus innovante;Mission 3 : le combat pour l’efficacité régionale;Schéma Directeur des Systèmes d’Information;250;1;Transformation Numérique;2011.0;Investissement;70000.0;0.0;70000.0;0.0
Action 2 : faire des grandes mutations un moteur de production;Mission 1 : le combat pour l’emploi local;Grands équipements structurants et équipements de centres de recherche;1400;1;Direction de l'Enseignement Supérieur et de la Recherche;2011.0;Investissement;2307982.0;-763000.0;1544982.0;0.0
Action 2 : faire des grandes mutations un moteur de production;Mission 1 : le combat pour l’emploi local;Agriculture et développement durable;310;2;Agriculture, pêche et agroalimentaire;2016.0;Fonctionnement;1119000.0;0.0;1169000.0;50000.0
Action 2 : faire des grandes mutations un moteur de production;Mission 1 : le combat pour l’emploi local;UE FEADER FEADER;UEFD FEADE;1;Agriculture, pêche et agroalimentaire;2006.0;Investissement;0.0;24117803.0;24117803.0;0.0
Action 1 : faire émerger les PME du futur;Mission 1 : le combat pour l’emploi local;Economie résidentielle;514;1;Entreprises et innovation;2016.0;Investissement;2443500.0;0.0;2443500.0;0.0
Action 4 : développer les infrastructures et les réseaux de demain;Mission 2 : le combat pour l’équité territoriale;transports au titre Loi Notre Transports maritimes;TRANS MARI;1;Direction des Finances et Commande Publique;2006.0;Fonctionnement;3936333.0;0.0;3946333.0;10000.0
Action 3 : faire de la formation la garantie des emplois de demain;Mission 1 : le combat pour l’emploi local;Plan national - 500 000 formations;436;2;Direction de l'Emploi et de la Formation Professionnelle;2016.0;Fonctionnement;36670484.0;-4738023.0;53293781.0;21361320.0
Action 3 : faire de la formation la garantie des emplois de demain;Mission 1 : le combat pour l’emploi local;Plan d'entretien et de maintenance dans les lycées;404;2;Direction du Patrimoine Immobilier;2016.0;Fonctionnement;170000.0;0.0;170000.0;0.0
Action 5 : agir au plus près des habitants;Mission 2 : le combat pour l’équité territoriale;Soutien aux partenaires sociaux;400;2;Secrétariat général;2016.0;Fonctionnement;157500.0;17500.0;175000.0;0.0
Action 2 : faire des grandes mutations un moteur de production;Mission 1 : le combat pour l’emploi local;Actions communes en faveur des filières pêche et aquaculture;1101;1;Agriculture, pêche et agroalimentaire;2011.0;Investissement;174540.0;0.0;174540.0;0.0
Action 2 : faire des grandes mutations un moteur de production;Mission 1 : le combat pour l’emploi local;Qualité et commercialisation des produits de la mer;1100;2;Agriculture, pêche et agroalimentaire;2016.0;Fonctionnement;35000.0;0.0;35000.0;0.0
Action 7 : des politiques régionales mieux évaluées et plus économes;Mission 3 : le combat pour l’efficacité régionale;Administration générale Parc automobile;ADGEN AUTO;1;Secrétariat général;2006.0;Fonctionnement;284500.0;0.0;284500.0;0.0
Action 8 : des agents mieux accompagnés et mieux valorisés;Mission 3 : le combat pour l’efficacité régionale;Dép gestion,form,prest soc Formation Siège;DGFPS FORM0;1;Direction des ressources humaines;2006.0;Fonctionnement;350000.0;0.0;350000.0;0.0
Action 3 : faire de la formation la garantie des emplois de demain;Mission 1 : le combat pour l’emploi local;Rémunération et protection sociale des stagiaires;207;2;Direction de l'Emploi et de la Formation Professionnelle;2016.0;Fonctionnement;27948491.0;834128.0;28782619.0;0.0
Action 4 : développer les infrastructures et les réseaux de demain;Mission 2 : le combat pour l’équité territoriale;Grand Port Maritime de Nantes Saint-Nazaire;246;1;Entreprises et innovation;2011.0;Investissement;2220000.0;0.0;2220000.0;0.0
Action 3 : faire de la formation la garantie des emplois de demain;Mission 1 : le combat pour l’emploi local;RÉGION FORMATION - PRÉPA;500;2;Direction de l'Emploi et de la Formation Professionnelle;2016.0;Fonctionnement;1396750.0;467570.0;1864320.0;0.0
Action 5 : agir au plus près des habitants;Mission 2 : le combat pour l’équité territoriale;Développement et animation des territoires;265;1;Territoires et ruralité;2016.0;Investissement;8269280.0;0.0;8269280.0;0.0
Action 7 : des politiques régionales mieux évaluées et plus économes;Mission 3 : le combat pour l’efficacité régionale;Signalétique Signalétique promotionnelle;SIGNA SIPRO;1;Direction de la Communication;2006.0;Fonctionnement;290000.0;0.0;290000.0;0.0
Action 7 : des politiques régionales mieux évaluées et plus économes;Mission 3 : le combat pour l’efficacité régionale;Signalétique Signalétique promotionnelle;SIGNA SIPRO;1;Direction de la Communication;2006.0;Investissement;7000.0;0.0;7000.0;0.0
Action 7 : des politiques régionales mieux évaluées et plus économes;Mission 3 : le combat pour l’efficacité régionale;Administration générale Fournitures et services;ADGEN FOUR;1;Secrétariat général;2006.0;Investissement;7000.0;0.0;7000.0;0.0
Action 3 : faire de la formation la garantie des emplois de demain;Mission 1 : le combat pour l’emploi local;Ingéniérie;386;2;Direction de l'Apprentissage;2016.0;Fonctionnement;372750.0;-44250.0;328500.0;0.0
Action 5 : agir au plus près des habitants;Mission 2 : le combat pour l’équité territoriale;Développement et animation des territoires;265;2;Territoires et ruralité;2011.0;Fonctionnement;23022.0;0.0;23022.0;0.0
Action 2 : faire des grandes mutations un moteur de production;Mission 1 : le combat pour l’emploi local;Alimentation, qualité et industrie agro-alimentaire;113;1;Agriculture, pêche et agroalimentaire;2011.0;Investissement;3480836.0;207000.0;3687836.0;0.0
Action 2 : faire des grandes mutations un moteur de production;Mission 1 : le combat pour l’emploi local;Tourisme;431;2;Entreprises et innovation;2016.0;Fonctionnement;315280.0;0.0;315280.0;0.0
Action 3 : faire de la formation la garantie des emplois de demain;Mission 1 : le combat pour l’emploi local;Amélioration des conditions de travail;399;1;Direction de l'Emploi et de la Formation Professionnelle;2011.0;Investissement;63090.0;1570.0;64660.0;0.0
Action 3 : faire de la formation la garantie des emplois de demain;Mission 1 : le combat pour l’emploi local;Emplois de solidarité;392;2;Direction de l'Emploi et de la Formation Professionnelle;2011.0;Fonctionnement;110893.0;1306.0;112199.0;0.0
Action 3 : faire de la formation la garantie des emplois de demain;Mission 1 : le combat pour l’emploi local;Fonctionnement des établissements d'enseignement supérieur et soutien aux initiatives des acteurs de la vie étudiante;355;2;Direction de l'Enseignement Supérieur et de la Recherche;2011.0;Fonctionnement;0.0;0.0;500000.0;500000.0
Action 3 : faire de la formation la garantie des emplois de demain;Mission 1 : le combat pour l’emploi local;Mesures en faveur des apprentis;190;2;Direction de l'Apprentissage;2011.0;Fonctionnement;277000.0;117150.0;394150.0;0.0
Action 3 : faire de la formation la garantie des emplois de demain;Mission 1 : le combat pour l’emploi local;Région Formation des personnes détenues;370;2;Direction de l'Emploi et de la Formation Professionnelle;2011.0;Fonctionnement;288920.0;0.0;288920.0;0.0
Action 3 : faire de la formation la garantie des emplois de demain;Mission 1 : le combat pour l’emploi local;Région - Formation  - Visa social;311;2;Direction de l'Emploi et de la Formation Professionnelle;2016.0;Fonctionnement;7895957.0;-231805.0;7464152.0;-200000.0
Action 4 : développer les infrastructures et les réseaux de demain;Mission 2 : le combat pour l’équité territoriale;Points d'arrêt et investissements en faveur de l'intermodalité;221;1;Transports et mobilités;2016.0;Investissement;3192280.0;582015.0;3774295.0;0.0
Action 5 : agir au plus près des habitants;Mission 2 : le combat pour l’équité territoriale;Economie de proximité et relations agriculture, alimentation et territoire;114;2;Agriculture, pêche et agroalimentaire;2016.0;Fonctionnement;1180400.0;0.0;1130400.0;-50000.0
Action 6 : renforcer notre qualité de vie;Mission 2 : le combat pour l’équité territoriale;Actions musicales structurantes;530;1;Direction Culture, Sport, Associations;2016.0;Investissement;275000.0;0.0;275000.0;0.0
Action 8 : des agents mieux accompagnés et mieux valorisés;Mission 3 : le combat pour l’efficacité régionale;Charges de personnel Siège Rému et primes titu Siège;CHPES TIT0;1;Direction des ressources humaines;2006.0;Fonctionnement;30850000.0;-300000.0;31204540.0;654540.0
Action 2 : faire des grandes mutations un moteur de production;Mission 1 : le combat pour l’emploi local;Pêche maritime;192;2;Agriculture, pêche et agroalimentaire;2016.0;Fonctionnement;25000.0;0.0;25000.0;0.0
Action 2 : faire des grandes mutations un moteur de production;Mission 1 : le combat pour l’emploi local;Actions communes en faveur des filières pêche et aquaculture;1101;2;Agriculture, pêche et agroalimentaire;2011.0;Fonctionnement;48000.0;0.0;48000.0;0.0
Action 2 : faire des grandes mutations un moteur de production;Mission 1 : le combat pour l’emploi local;Agriculture et développement durable;310;1;Agriculture, pêche et agroalimentaire;2016.0;Investissement;2873828.0;4413000.0;7286828.0;0.0
Action 4 : développer les infrastructures et les réseaux de demain;Mission 2 : le combat pour l’équité territoriale;transports au titre Loi Notre Transports interurbains CD49;NOT49 INT49;1;Transports et mobilités;2006.0;Fonctionnement;0.0;92000.0;92000.0;0.0
Action 6 : renforcer notre qualité de vie;Mission 2 : le combat pour l’équité territoriale;Vie associative, égalité homme-femme, bénévolat et lutte contre la grande précarité;376;2;Direction Culture, Sport, Associations;2016.0;Fonctionnement;661105.0;-20000.0;671105.0;30000.0
Action 6 : renforcer notre qualité de vie;Mission 2 : le combat pour l’équité territoriale;Axe6 FEDER -Inclusion sociale, lutte contre la pauvreté et les discriminations;426;1;Direction des politiques européennes;2014.0;Investissement;1500000.0;0.0;1500000.0;0.0
Action 8 : des agents mieux accompagnés et mieux valorisés;Mission 3 : le combat pour l’efficacité régionale;Charges de personnel Siège Collaborateurs d'élus;CHPES COLL4;1;Direction des ressources humaines;2006.0;Fonctionnement;888000.0;0.0;898688.0;10688.0
Action 7 : des politiques régionales mieux évaluées et plus économes;Mission 3 : le combat pour l’efficacité régionale;Observation régionale - Etudes et expertises;301;2;Secrétariat général;2011.0;Fonctionnement;60833.0;-25000.0;35833.0;0.0
Action 7 : des politiques régionales mieux évaluées et plus économes;Mission 3 : le combat pour l’efficacité régionale;Stratégie Presse;STRAT PRESS;1;Direction de la Communication;2006.0;Fonctionnement;31600.0;0.0;31600.0;0.0
Action 3 : faire de la formation la garantie des emplois de demain;Mission 1 : le combat pour l’emploi local;Je crée ou je reprends une entreprise;409;2;Direction de l'Emploi et de la Formation Professionnelle;2011.0;Fonctionnement;1042196.0;0.0;1042196.0;0.0
Action 7 : des politiques régionales mieux évaluées et plus économes;Mission 3 : le combat pour l’efficacité régionale;Evènements Divers évènements;EVEN DIVEV;1;Direction de la Communication;2006.0;Fonctionnement;542400.0;0.0;542400.0;0.0
Action 7 : des politiques régionales mieux évaluées et plus économes;Mission 3 : le combat pour l’efficacité régionale;Administration générale Régie DFCM;ADGEN REGIE;1;Regie DFCM;2006.0;Fonctionnement;20000.0;0.0;5000.0;-15000.0
Action 3 : faire de la formation la garantie des emplois de demain;Mission 1 : le combat pour l’emploi local;Etudes et promotions;337;1;Direction des Lycées;2016.0;Investissement;20000.0;0.0;20000.0;0.0
Action 2 : faire des grandes mutations un moteur de production;Mission 1 : le combat pour l’emploi local;Programmes de recherche regionaux et interregionaux;304;1;Direction de l'Enseignement Supérieur et de la Recherche;2016.0;Investissement;3444424.0;0.0;3444424.0;0.0
Action 2 : faire des grandes mutations un moteur de production;Mission 1 : le combat pour l’emploi local;Programmes de recherche regionaux et interregionaux;304;2;Direction de l'Enseignement Supérieur et de la Recherche;2016.0;Fonctionnement;817078.0;0.0;817078.0;0.0
Action 2 : faire des grandes mutations un moteur de production;Mission 1 : le combat pour l’emploi local;Agriculture et développement durable;310;2;Agriculture, pêche et agroalimentaire;2011.0;Fonctionnement;66000.0;0.0;66000.0;0.0
Action 7 : des politiques régionales mieux évaluées et plus économes;Mission 3 : le combat pour l’efficacité régionale;Emprunt - Opérations courantes Plan de relance FCTVA ptz;SDETT PTZ;1;Direction des Finances et Commande Publique;2006.0;Investissement;5191398.0;0.0;5191398.0;0.0
Action 7 : des politiques régionales mieux évaluées et plus économes;Mission 3 : le combat pour l’efficacité régionale;Etudes et évaluation des politiques publiques;249;2;Secrétariat général;2016.0;Fonctionnement;107500.0;-17500.0;90000.0;0.0
Action 7 : des politiques régionales mieux évaluées et plus économes;Mission 3 : le combat pour l’efficacité régionale;Observation régionale - Etudes et expertises;301;2;Secrétariat général;2016.0;Fonctionnement;662167.0;-85000.0;577167.0;0.0
Action 6 : renforcer notre qualité de vie;Mission 2 : le combat pour l’équité territoriale;Axe Ligérien;268;2;Transition énergétique et environnement;2011.0;Fonctionnement;52719.0;-45000.0;7719.0;0.0
Action 4 : développer les infrastructures et les réseaux de demain;Mission 2 : le combat pour l’équité territoriale;transports au titre Loi Notre Transports scolaires CD53;NOT53 SCO53;1;Transports et mobilités;2006.0;Investissement;40000.0;-16000.0;24000.0;0.0
Action 3 : faire de la formation la garantie des emplois de demain;Mission 1 : le combat pour l’emploi local;Travaux dans les E.P.L.E.;331;1;Direction du Patrimoine Immobilier;2016.0;Investissement;43795152.0;0.0;43795152.0;0.0
Action 4 : développer les infrastructures et les réseaux de demain;Mission 2 : le combat pour l’équité territoriale;Aménagement numérique;378;1;Aménagement Numérique;2011.0;Investissement;15800000.0;-6500000.0;9300000.0;0.0
Action 3 : faire de la formation la garantie des emplois de demain;Mission 1 : le combat pour l’emploi local;Région - Formation  - Accès évolution;381;2;Direction de l'Emploi et de la Formation Professionnelle;2011.0;Fonctionnement;1308944.0;0.0;1308944.0;0.0
Action 3 : faire de la formation la garantie des emplois de demain;Mission 1 : le combat pour l’emploi local;Orientation des jeunes et lutte contre le décrochage;432;2;Direction des Lycées;2016.0;Fonctionnement;540500.0;0.0;540500.0;0.0
Action 3 : faire de la formation la garantie des emplois de demain;Mission 1 : le combat pour l’emploi local;Mesures en faveur des apprentis;190;2;Direction de l'Apprentissage;2016.0;Fonctionnement;11223985.0;-117150.0;11391835.0;285000.0
Action 3 : faire de la formation la garantie des emplois de demain;Mission 1 : le combat pour l’emploi local;Etudes et promotions;337;2;Direction des Lycées;2016.0;Fonctionnement;281000.0;0.0;281000.0;0.0
Action 7 : des politiques régionales mieux évaluées et plus économes;Mission 3 : le combat pour l’efficacité régionale;Administration générale Parc automobile;ADGEN AUTO;1;Secrétariat général;2006.0;Investissement;140000.0;0.0;140000.0;0.0
Action 7 : des politiques régionales mieux évaluées et plus économes;Mission 3 : le combat pour l’efficacité régionale;Administration générale Logistique;ADGEN LOGIS;1;Secrétariat général;2006.0;Investissement;88000.0;0.0;178000.0;90000.0
Action 7 : des politiques régionales mieux évaluées et plus économes;Mission 3 : le combat pour l’efficacité régionale;Administration générale Direction Générale;ADGEN DG;1;Secrétariat général;2006.0;Fonctionnement;15000.0;0.0;15000.0;0.0
Action 7 : des politiques régionales mieux évaluées et plus économes;Mission 3 : le combat pour l’efficacité régionale;Assemblées Conseil Economique et Social;ASS CESR;1;CESER;2006.0;Investissement;7500.0;0.0;7500.0;0.0
Action 2 : faire des grandes mutations un moteur de production;Mission 1 : le combat pour l’emploi local;Grands équipements structurants et équipements de centres de recherche;1400;1;Direction de l'Enseignement Supérieur et de la Recherche;2004.0;Investissement;10000.0;0.0;10000.0;0.0
Action 2 : faire des grandes mutations un moteur de production;Mission 1 : le combat pour l’emploi local;Soutien aux transitions;512;1;Entreprises et innovation;2016.0;Investissement;994130.0;0.0;994130.0;0.0
Action 1 : faire émerger les PME du futur;Mission 1 : le combat pour l’emploi local;Rayonnement à l'international;519;1;Affaires Internationales;2011.0;Investissement;175723.0;0.0;175723.0;0.0
Action 5 : agir au plus près des habitants;Mission 2 : le combat pour l’équité territoriale;Développement et animation des territoires;265;2;Territoires et ruralité;2016.0;Fonctionnement;238978.0;-41448.0;247530.0;50000.0
Action 5 : agir au plus près des habitants;Mission 2 : le combat pour l’équité territoriale;Santé publique, vieillissement, et politique du handicap;188;1;Territoires et ruralité;2016.0;Investissement;1640852.0;0.0;1640852.0;0.0
Action 3 : faire de la formation la garantie des emplois de demain;Mission 1 : le combat pour l’emploi local;Equipements des E.P.L.E.;332;1;Direction des Lycées;2016.0;Investissement;5900000.0;0.0;6800000.0;900000.0
Action 2 : faire des grandes mutations un moteur de production;Mission 1 : le combat pour l’emploi local;Alimentation, qualité et industrie agro-alimentaire;113;2;Agriculture, pêche et agroalimentaire;2016.0;Fonctionnement;854155.0;0.0;854155.0;0.0
Action 2 : faire des grandes mutations un moteur de production;Mission 1 : le combat pour l’emploi local;Pêche maritime;192;1;Agriculture, pêche et agroalimentaire;2016.0;Investissement;150000.0;0.0;150000.0;0.0
Action 2 : faire des grandes mutations un moteur de production;Mission 1 : le combat pour l’emploi local;Tourisme;431;2;Entreprises et innovation;2011.0;Fonctionnement;10000.0;0.0;10000.0;0.0
Action 7 : des politiques régionales mieux évaluées et plus économes;Mission 3 : le combat pour l’efficacité régionale;Stratégie Conseil;STRAT CONSE;1;Direction de la Communication;2006.0;Fonctionnement;122000.0;0.0;122000.0;0.0
Action 9 : une administration plus innovante;Mission 3 : le combat pour l’efficacité régionale;Schéma Directeur des Systèmes d’Information;250;2;Transformation Numérique;2011.0;Fonctionnement;21000.0;0.0;21000.0;0.0
Action 7 : des politiques régionales mieux évaluées et plus économes;Mission 3 : le combat pour l’efficacité régionale;Opérations comptables Opérations comptables 930;OCOMP OCMP0;1;Direction des Finances et Commande Publique;2006.0;Fonctionnement;0.0;0.0;15000.0;15000.0
Action 6 : renforcer notre qualité de vie;Mission 2 : le combat pour l’équité territoriale;Sport de haut niveau;287;2;Direction Culture, Sport, Associations;2016.0;Fonctionnement;2660000.0;100000.0;2760000.0;0.0
Action 3 : faire de la formation la garantie des emplois de demain;Mission 1 : le combat pour l’emploi local;Investissement Formation Professionnelle Continue;210;1;Direction de l'Emploi et de la Formation Professionnelle;2006.0;Investissement;236013.0;21447.0;257460.0;0.0
Action 3 : faire de la formation la garantie des emplois de demain;Mission 1 : le combat pour l’emploi local;Amélioration des conditions de travail;399;1;Direction de l'Emploi et de la Formation Professionnelle;2016.0;Investissement;75000.0;-5050.0;69950.0;0.0
Action 2 : faire des grandes mutations un moteur de production;Mission 1 : le combat pour l’emploi local;Rayonnement de la science et coordination scientifique;1405;2;Direction de l'Enseignement Supérieur et de la Recherche;2011.0;Fonctionnement;202484.0;0.0;262484.0;60000.0
Action 3 : faire de la formation la garantie des emplois de demain;Mission 1 : le combat pour l’emploi local;Aide à la mobilité entrante;341;2;Direction de l'Enseignement Supérieur et de la Recherche;2011.0;Fonctionnement;46000.0;0.0;46000.0;0.0
Action 6 : renforcer notre qualité de vie;Mission 2 : le combat pour l’équité territoriale;Axe Ligérien;268;2;Transition énergétique et environnement;2016.0;Fonctionnement;0.0;0.0;326219.0;326219.0
Action 2 : faire des grandes mutations un moteur de production;Mission 1 : le combat pour l’emploi local;Actions communes en faveur des filières pêche et aquaculture;1101;2;Agriculture, pêche et agroalimentaire;2016.0;Fonctionnement;297000.0;0.0;297000.0;0.0
Action 1 : faire émerger les PME du futur;Mission 1 : le combat pour l’emploi local;Appui aux filières, croissance bleue et croissance numérique;517;1;Entreprises et innovation;2016.0;Investissement;10614100.0;0.0;10614100.0;0.0
Action 3 : faire de la formation la garantie des emplois de demain;Mission 1 : le combat pour l’emploi local;Fonctionnement des établissements privés sous contrat d'association;335;2;Direction des Lycées;2016.0;Fonctionnement;35389400.0;0.0;35389400.0;0.0
Action 3 : faire de la formation la garantie des emplois de demain;Mission 1 : le combat pour l’emploi local;Région - Formation  - Accès évolution;381;2;Direction de l'Emploi et de la Formation Professionnelle;2016.0;Fonctionnement;1304625.0;0.0;1304625.0;0.0
Action 4 : développer les infrastructures et les réseaux de demain;Mission 2 : le combat pour l’équité territoriale;transports au titre Loi Notre Transports scolaires CD44;NOT44 SCO44;1;Transports et mobilités;2006.0;Fonctionnement;0.0;9401055.0;9401055.0;0.0
Action 5 : agir au plus près des habitants;Mission 2 : le combat pour l’équité territoriale;Initiatives de proximité;298;2;Direction de la Communication;2016.0;Fonctionnement;170000.0;0.0;170000.0;0.0
Action 6 : renforcer notre qualité de vie;Mission 2 : le combat pour l’équité territoriale;Arts visuels;315;2;Direction Culture, Sport, Associations;2016.0;Fonctionnement;1700000.0;95000.0;1795000.0;0.0
Action 7 : des politiques régionales mieux évaluées et plus économes;Mission 3 : le combat pour l’efficacité régionale;Administration générale Archives;ADGEN ARCH;1;Direction Culture, Sport, Associations;2006.0;Fonctionnement;24100.0;0.0;24100.0;0.0
Action 7 : des politiques régionales mieux évaluées et plus économes;Mission 3 : le combat pour l’efficacité régionale;Fonds Régional d'Intervention, d'Etudes et de Promotion;251;2;Direction de la Communication;2016.0;Fonctionnement;95000.0;0.0;95000.0;0.0
Action 7 : des politiques régionales mieux évaluées et plus économes;Mission 3 : le combat pour l’efficacité régionale;Opérations financières Compensations réforme fiscale;OPFIN FID;1;Direction des Finances et Commande Publique;2006.0;Fonctionnement;3160000.0;127548.0;3287548.0;0.0
Action 7 : des politiques régionales mieux évaluées et plus économes;Mission 3 : le combat pour l’efficacité régionale;Provisions et annul° créances Provisions et annul° créances;ANVA AN945;1;Direction des Finances et Commande Publique;2006.0;Fonctionnement;444038.0;2810962.0;3255000.0;0.0
Action 1 : faire émerger les PME du futur;Mission 1 : le combat pour l’emploi local;Axe3 FEDER -Compétitivité des PME;423;1;Direction des politiques européennes;2014.0;Investissement;1000000.0;0.0;1000000.0;0.0
Action 4 : développer les infrastructures et les réseaux de demain;Mission 2 : le combat pour l’équité territoriale;transports au titre Loi Notre Transports interurbains CD53;NOT53 INT53;1;Transports et mobilités;2006.0;Fonctionnement;0.0;5000.0;5000.0;0.0
Action 4 : développer les infrastructures et les réseaux de demain;Mission 2 : le combat pour l’équité territoriale;Politique routière d'intérêt régional;509;2;Transports et mobilités;2016.0;Fonctionnement;170000.0;-130000.0;40000.0;0.0
Action 7 : des politiques régionales mieux évaluées et plus économes;Mission 3 : le combat pour l’efficacité régionale;Evènements Stands pérenne et modulable;EVEN STAND;1;Direction de la Communication;2006.0;Investissement;2000.0;0.0;2000.0;0.0
Action 7 : des politiques régionales mieux évaluées et plus économes;Mission 3 : le combat pour l’efficacité régionale;Etudes et  actions énergétiques;403;1;Direction du Patrimoine Immobilier;2016.0;Investissement;300000.0;0.0;300000.0;0.0
Action 3 : faire de la formation la garantie des emplois de demain;Mission 1 : le combat pour l’emploi local;Gestion financière de l'ensemble des dépenses de fonctionnement et des rémunérations;58;2;Direction de l'Emploi et de la Formation Professionnelle;2011.0;Fonctionnement;965800.0;0.0;965800.0;0.0
Action 1 : faire émerger les PME du futur;Mission 1 : le combat pour l’emploi local;Economie résidentielle;514;1;Entreprises et innovation;2011.0;Investissement;1500000.0;0.0;1500000.0;0.0
Action 6 : renforcer notre qualité de vie;Mission 2 : le combat pour l’équité territoriale;Autonomie des jeunes;388;2;Direction Culture, Sport, Associations;2016.0;Fonctionnement;4213000.0;-200000.0;3686000.0;-327000.0
Action 4 : développer les infrastructures et les réseaux de demain;Mission 2 : le combat pour l’équité territoriale;transports au titre Loi Notre Transports maritimes CD85;NOT85 MAR85;1;Transports et mobilités;2006.0;Investissement;20000.0;0.0;20000.0;0.0
Action 3 : faire de la formation la garantie des emplois de demain;Mission 1 : le combat pour l’emploi local;Observation, études;208;2;Direction de l'Emploi et de la Formation Professionnelle;2016.0;Fonctionnement;10000.0;-750.0;9250.0;0.0
Action 3 : faire de la formation la garantie des emplois de demain;Mission 1 : le combat pour l’emploi local;Contrat Etat-Région : investissements;356;1;Direction de l'Enseignement Supérieur et de la Recherche;2006.0;Investissement;1368678.0;-222531.0;1146147.0;0.0
Action 3 : faire de la formation la garantie des emplois de demain;Mission 1 : le combat pour l’emploi local;Emplois aidés;281;2;Direction de l'Emploi et de la Formation Professionnelle;2011.0;Fonctionnement;105000.0;18672.0;123672.0;0.0
Action 7 : des politiques régionales mieux évaluées et plus économes;Mission 3 : le combat pour l’efficacité régionale;Dép gestion,form,prest soc Communication interne;DGFPS COMIN;1;Direction de la Communication;2006.0;Investissement;40000.0;0.0;40000.0;0.0
Action 9 : une administration plus innovante;Mission 3 : le combat pour l’efficacité régionale;Information géographique régionale;344;2;Transformation Numérique;2011.0;Fonctionnement;1806.0;0.0;1806.0;0.0
Action 3 : faire de la formation la garantie des emplois de demain;Mission 1 : le combat pour l’emploi local;Bourses sanitaires et sociales;258;2;Direction de l'Emploi et de la Formation Professionnelle;2016.0;Fonctionnement;3582420.0;-194818.0;3877602.0;490000.0
Action 4 : développer les infrastructures et les réseaux de demain;Mission 2 : le combat pour l’équité territoriale;Contrat Etat-Région (2000-2006);93;1;Transports et mobilités;2006.0;Investissement;550000.0;-100000.0;450000.0;0.0
Action 3 : faire de la formation la garantie des emplois de demain;Mission 1 : le combat pour l’emploi local;Région Formation des personnes détenues;370;2;Direction de l'Emploi et de la Formation Professionnelle;2016.0;Fonctionnement;1328000.0;-291500.0;1036500.0;0.0
Action 3 : faire de la formation la garantie des emplois de demain;Mission 1 : le combat pour l’emploi local;Je me qualifie;408;2;Direction de l'Emploi et de la Formation Professionnelle;2011.0;Fonctionnement;47017072.0;0.0;47017072.0;0.0
Action 3 : faire de la formation la garantie des emplois de demain;Mission 1 : le combat pour l’emploi local;Pacte éducatif régional;339;2;Direction des Lycées;2016.0;Fonctionnement;3429800.0;0.0;3520570.0;90770.0
Action 5 : agir au plus près des habitants;Mission 2 : le combat pour l’équité territoriale;Equipements et partenariats institutionnels sportifs;259;1;Direction Culture, Sport, Associations;2016.0;Investissement;711200.0;0.0;711200.0;0.0
Action 3 : faire de la formation la garantie des emplois de demain;Mission 1 : le combat pour l’emploi local;Aide à la mobilité sortante;38;2;Direction de l'Enseignement Supérieur et de la Recherche;2016.0;Fonctionnement;3070000.0;0.0;3120000.0;50000.0
Action 3 : faire de la formation la garantie des emplois de demain;Mission 1 : le combat pour l’emploi local;Aides aux employeurs d'apprentis;244;2;Direction de l'Apprentissage;2016.0;Fonctionnement;16270000.0;-338000.0;15932000.0;0.0
Action 7 : des politiques régionales mieux évaluées et plus économes;Mission 3 : le combat pour l’efficacité régionale;Administration générale Service des marchés publics;ADGEN MARCH;1;Direction des Finances et Commande Publique;2006.0;Fonctionnement;30000.0;0.0;30000.0;0.0
Action 7 : des politiques régionales mieux évaluées et plus économes;Mission 3 : le combat pour l’efficacité régionale;Appui à la gestion des fonds europ 14-20;428;2;Direction des politiques européennes;2014.0;Fonctionnement;100000.0;-183000.0;40000.0;123000.0
Action 7 : des politiques régionales mieux évaluées et plus économes;Mission 3 : le combat pour l’efficacité régionale;Bâtiments administratifs Loyers et charges;BATI LOCX;1;Direction du Patrimoine Immobilier;2006.0;Fonctionnement;1496000.0;0.0;1496000.0;0.0
Action 7 : des politiques régionales mieux évaluées et plus économes;Mission 3 : le combat pour l’efficacité régionale;Restauration Restauration interne;REST RESTN;1;Secrétariat général;2006.0;Investissement;10000.0;0.0;10000.0;0.0
Action 8 : des agents mieux accompagnés et mieux valorisés;Mission 3 : le combat pour l’efficacité régionale;Dép gestion,form,prest soc Prestations sociales Siège;DGFPS PSOC0;1;Direction des ressources humaines;2006.0;Fonctionnement;1540000.0;10000.0;1545000.0;-5000.0
Action 3 : faire de la formation la garantie des emplois de demain;Mission 1 : le combat pour l’emploi local;Orientation professionnelle - Analyseet prospective de l'emploi et des format;433;2;Direction de l'Emploi et de la Formation Professionnelle;2016.0;Fonctionnement;5168000.0;822079.0;5990079.0;0.0
Action 4 : développer les infrastructures et les réseaux de demain;Mission 2 : le combat pour l’équité territoriale;transports au titre Loi Notre Charges gén. transport routier;TRANS CHGE;1;Direction des Finances et Commande Publique;2006.0;Investissement;1672300.0;0.0;1672300.0;0.0
Action 4 : développer les infrastructures et les réseaux de demain;Mission 2 : le combat pour l’équité territoriale;transports au titre Loi Notre Transports interurbains;TRANS INTE;1;Direction des Finances et Commande Publique;2006.0;Investissement;68950.0;0.0;68950.0;0.0
Action 9 : une administration plus innovante;Mission 3 : le combat pour l’efficacité régionale;Investissements informatiques;15003;1;Transformation Numérique;2011.0;Investissement;7000.0;0.0;7000.0;0.0
Action 3 : faire de la formation la garantie des emplois de demain;Mission 1 : le combat pour l’emploi local;Fonds annuel d'intervention;351;2;Direction du Patrimoine Immobilier;2016.0;Fonctionnement;1740000.0;0.0;3880000.0;2140000.0
Action 3 : faire de la formation la garantie des emplois de demain;Mission 1 : le combat pour l’emploi local;Emplois aidés;281;2;Direction de l'Emploi et de la Formation Professionnelle;2016.0;Fonctionnement;62681.0;0.0;62681.0;0.0
Action 2 : faire des grandes mutations un moteur de production;Mission 1 : le combat pour l’emploi local;Accueil de chercheurs, valorisation, ouverture européenne et internationale;1402;2;Direction de l'Enseignement Supérieur et de la Recherche;2016.0;Fonctionnement;1102758.0;0.0;1102758.0;0.0
Action 3 : faire de la formation la garantie des emplois de demain;Mission 1 : le combat pour l’emploi local;Actions éducatives;323;2;Direction de l'Apprentissage;2011.0;Fonctionnement;146644.0;-18164.0;128480.0;0.0
Action 6 : renforcer notre qualité de vie;Mission 2 : le combat pour l’équité territoriale;Biodiversité et littoral;266;1;Transition énergétique et environnement;2016.0;Investissement;4000000.0;-190000.0;3810000.0;0.0
Action 6 : renforcer notre qualité de vie;Mission 2 : le combat pour l’équité territoriale;Autonomie des jeunes;388;1;Direction Culture, Sport, Associations;2012.0;Investissement;130000.0;0.0;130000.0;0.0
Action 6 : renforcer notre qualité de vie;Mission 2 : le combat pour l’équité territoriale;Sport de haut niveau;287;1;Direction Culture, Sport, Associations;2016.0;Investissement;95980.0;0.0;95980.0;0.0
Action 6 : renforcer notre qualité de vie;Mission 2 : le combat pour l’équité territoriale;Livre et lecture;199;2;Direction Culture, Sport, Associations;2011.0;Fonctionnement;12500.0;0.0;12500.0;0.0
Action 1 : faire émerger les PME du futur;Mission 1 : le combat pour l’emploi local;Rayonnement à l'international;519;2;Affaires Internationales;2016.0;Fonctionnement;860000.0;0.0;860000.0;0.0
Action 3 : faire de la formation la garantie des emplois de demain;Mission 1 : le combat pour l’emploi local;Région - Formation  - Visa sanitaire;312;2;Direction de l'Emploi et de la Formation Professionnelle;2011.0;Fonctionnement;150000.0;-100000.0;50000.0;0.0
Action 5 : agir au plus près des habitants;Mission 2 : le combat pour l’équité territoriale;Développement et animation des territoires;265;1;Territoires et ruralité;2011.0;Investissement;28942480.0;0.0;28942480.0;0.0
Action 5 : agir au plus près des habitants;Mission 2 : le combat pour l’équité territoriale;Habitat et logement social;283;1;Transition énergétique et environnement;2006.0;Investissement;224000.0;0.0;224000.0;0.0
Action 8 : des agents mieux accompagnés et mieux valorisés;Mission 3 : le combat pour l’efficacité régionale;Charges de personnel Siège Rému primes non titu Siège;CHPES NTIT0;1;Direction des ressources humaines;2006.0;Fonctionnement;3979000.0;0.0;4001230.0;22230.0
Action 5 : agir au plus près des habitants;Mission 2 : le combat pour l’équité territoriale;Economie de proximité et relations agriculture, alimentation et territoire;114;1;Agriculture, pêche et agroalimentaire;2016.0;Investissement;1227220.0;180000.0;1407220.0;0.0
Action 6 : renforcer notre qualité de vie;Mission 2 : le combat pour l’équité territoriale;Vie associative, égalité homme-femme, bénévolat et lutte contre la grande précarité;390;2;Direction Culture, Sport, Associations;2016.0;Fonctionnement;346895.0;-108823.0;238072.0;0.0
Action 8 : des agents mieux accompagnés et mieux valorisés;Mission 3 : le combat pour l’efficacité régionale;Dép gestion,form,prest soc Autres charges perso Culture;DGFPS ACHP3;1;Direction des ressources humaines;2006.0;Fonctionnement;10000.0;1000.0;11000.0;0.0
Action 3 : faire de la formation la garantie des emplois de demain;Mission 1 : le combat pour l’emploi local;REGION FORMATION - ACCES Entrepreneur;503;2;Direction de l'Emploi et de la Formation Professionnelle;2016.0;Fonctionnement;221375.0;78625.0;300000.0;0.0
Action 3 : faire de la formation la garantie des emplois de demain;Mission 1 : le combat pour l’emploi local;Mobilité internationale;398;2;Direction de l'Emploi et de la Formation Professionnelle;2016.0;Fonctionnement;158591.0;-62921.0;95670.0;0.0
Action 3 : faire de la formation la garantie des emplois de demain;Mission 1 : le combat pour l’emploi local;Informatisation des lycées publics et ENT;334;1;Direction des Lycées;2011.0;Investissement;547831.0;0.0;547831.0;0.0
Action 2 : faire des grandes mutations un moteur de production;Mission 1 : le combat pour l’emploi local;Transition énergétique;285;2;Transition énergétique et environnement;2016.0;Fonctionnement;828000.0;-45000.0;712988.0;-70012.0
Action 3 : faire de la formation la garantie des emplois de demain;Mission 1 : le combat pour l’emploi local;Fonctionnement des E.P.L.E.;330;2;Direction des Lycées;2016.0;Fonctionnement;32245000.0;0.0;32710000.0;465000.0
Action 2 : faire des grandes mutations un moteur de production;Mission 1 : le combat pour l’emploi local;Grands équipements structurants et équipements de centres de recherche;1400;1;Direction de l'Enseignement Supérieur et de la Recherche;2006.0;Investissement;4737673.0;0.0;4737673.0;0.0
Action 2 : faire des grandes mutations un moteur de production;Mission 1 : le combat pour l’emploi local;Grands équipements structurants et équipements de centres de recherche;1400;2;Direction de l'Enseignement Supérieur et de la Recherche;2016.0;Fonctionnement;120000.0;0.0;120000.0;0.0
Action 1 : faire émerger les PME du futur;Mission 1 : le combat pour l’emploi local;Soutien à l'innovation;518;2;Entreprises et innovation;2016.0;Fonctionnement;775000.0;0.0;775000.0;0.0
Action 8 : des agents mieux accompagnés et mieux valorisés;Mission 3 : le combat pour l’efficacité régionale;Charges de personnel Siège Rému et primes titu Culture;CHPES TIT3;1;Direction des ressources humaines;2006.0;Fonctionnement;770000.0;0.0;773015.0;3015.0
Action 8 : des agents mieux accompagnés et mieux valorisés;Mission 3 : le combat pour l’efficacité régionale;Dép gestion,form,prest soc Prestations sociales EPLE;DGFPS PSOC2;1;Direction des ressources humaines;2006.0;Fonctionnement;210000.0;-20000.0;190000.0;0.0
Action 7 : des politiques régionales mieux évaluées et plus économes;Mission 3 : le combat pour l’efficacité régionale;Investissements immobiliers;15002;1;Direction du Patrimoine Immobilier;2016.0;Investissement;0.0;0.0;1130000.0;1130000.0
Action 7 : des politiques régionales mieux évaluées et plus économes;Mission 3 : le combat pour l’efficacité régionale;Administration générale Conseil juridique;ADGEN JUR;1;Affaires Juridiques;2006.0;Investissement;10000.0;0.0;10000.0;0.0
Action 4 : développer les infrastructures et les réseaux de demain;Mission 2 : le combat pour l’équité territoriale;transports au titre Loi Notre Transports interurbains CD44;NOT44 INT44;1;Transports et mobilités;2006.0;Fonctionnement;0.0;927472.0;927472.0;0.0
Action 5 : agir au plus près des habitants;Mission 2 : le combat pour l’équité territoriale;Développement et animation des territoires;265;1;Territoires et ruralité;2006.0;Investissement;4134640.0;0.0;4134640.0;0.0
Action 5 : agir au plus près des habitants;Mission 2 : le combat pour l’équité territoriale;Renouvellement urbain;349;1;Transition énergétique et environnement;2016.0;Investissement;1000000.0;0.0;1000000.0;0.0
Action 4 : développer les infrastructures et les réseaux de demain;Mission 2 : le combat pour l’équité territoriale;CERProgrammes complémentaires;290;1;Transports et mobilités;2006.0;Investissement;350000.0;98159.0;448159.0;0.0
Action 3 : faire de la formation la garantie des emplois de demain;Mission 1 : le combat pour l’emploi local;REGION FORMATION - ACCES Emploi;502;2;Direction de l'Emploi et de la Formation Professionnelle;2016.0;Fonctionnement;1500000.0;712796.0;2212796.0;0.0
Action 3 : faire de la formation la garantie des emplois de demain;Mission 1 : le combat pour l’emploi local;Gestion financière de l'ensemble des dépenses de fonctionnement et des rémunérations;58;2;Direction de l'Emploi et de la Formation Professionnelle;2016.0;Fonctionnement;550000.0;-389950.0;160050.0;0.0
